Cell_ID,Timestamp,RSRP,SINR,Latency,Throughput,Packet_Loss,Connected_Users
CELL_0001,2026-01-01 00:00:00,-88.0,0.8,20.1,48.5,3.68,289
CELL_0002,2026-01-01 00:15:00,-115.7,12.7,6.6,47.6,2.53,23
CELL_0003,2026-01-01 00:30:00,-91.9,21.5,43.6,86.8,2.25,152
CELL_0004,2026-01-01 00:45:00,-79.5,0.2,49.3,141.1,1.7,89
CELL_0005,2026-01-01 01:00:00,-109.2,22.9,10.6,79.1,1.79,186
CELL_0006,2026-01-01 01:15:00,-89.8,24.2,45.1,109.6,4.87,203
CELL_0007,2026-01-01 01:30:00,-116.1,8.8,39.6,177.7,1.81,108
CELL_0008,2026-01-01 01:45:00,-84.8,1.4,17.5,61.4,0.4,129
CELL_0009,2026-01-01 02:00:00,-76.7,11.4,29.9,167.7,0.81,191
CELL_0010,2026-01-01 02:15:00,-109.5,8.0,56.5,131.4,3.05,97
CELL_0011,2026-01-01 02:30:00,-93.3,7.3,30.4,57.6,4.63,295
CELL_0012,2026-01-01 02:45:00,-109.0,9.7,47.3,15.9,4.11,171
CELL_0013,2026-01-01 03:00:00,-99.9,2.0,55.2,115.6,3.59,118
CELL_0014,2026-01-01 03:15:00,-87.2,11.9,55.3,94.5,1.32,136
CELL_0015,2026-01-01 03:30:00,-82.8,16.2,46.1,88.5,2.92,195
CELL_0016,2026-01-01 03:45:00,-109.0,29.9,33.0,22.7,0.24,66
CELL_0017,2026-01-01 04:00:00,-112.4,4.8,42.4,121.3,1.92,249
CELL_0018,2026-01-01 04:15:00,-93.5,29.1,52.3,7.2,3.6,284
CELL_0019,2026-01-01 04:30:00,-82.5,23.1,23.7,62.2,0.79,11
CELL_0020,2026-01-01 04:45:00,-72.3,26.3,19.5,102.6,0.89,64
CELL_0021,2026-01-01 05:00:00,-76.5,9.0,40.1,123.7,0.76,92
CELL_0022,2026-01-01 05:15:00,-93.0,23.4,34.2,5.1,1.62,19
CELL_0023,2026-01-01 05:30:00,-114.4,10.9,59.2,162.3,1.2,133
CELL_0024,2026-01-01 05:45:00,-76.1,28.4,9.7,99.8,0.35,282
CELL_0025,2026-01-01 06:00:00,-81.7,3.9,31.1,112.2,1.33,226
CELL_0026,2026-01-01 06:15:00,-71.8,27.9,46.5,139.5,3.56,214
CELL_0027,2026-01-01 06:30:00,-70.2,19.5,29.1,105.9,0.61,125
CELL_0028,2026-01-01 06:45:00,-116.8,0.6,35.5,119.7,0.04,40
CELL_0029,2026-01-01 07:00:00,-108.6,27.2,52.3,18.8,1.19,258
CELL_0030,2026-01-01 07:15:00,-109.3,4.0,56.5,116.4,2.36,252
CELL_0031,2026-01-01 07:30:00,-79.6,5.7,10.3,89.1,2.12,249
CELL_0032,2026-01-01 07:45:00,-76.8,1.6,40.9,131.0,0.3,183
CELL_0033,2026-01-01 08:00:00,-80.0,3.3,15.5,109.6,0.7,103
CELL_0034,2026-01-01 08:15:00,-106.1,7.5,55.8,91.4,4.31,291
CELL_0035,2026-01-01 08:30:00,-115.1,19.6,34.7,7.9,0.47,131
CELL_0036,2026-01-01 08:45:00,-111.7,14.6,16.8,83.2,0.29,204
CELL_0037,2026-01-01 09:00:00,-119.9,11.7,56.0,158.1,1.43,294
CELL_0038,2026-01-01 09:15:00,-86.9,14.6,15.4,47.5,0.29,287
CELL_0039,2026-01-01 09:30:00,-117.0,9.4,7.8,98.0,4.6,281
CELL_0040,2026-01-01 09:45:00,-112.1,28.8,9.4,41.2,2.98,130
CELL_0041,2026-01-01 10:00:00,-99.8,28.2,36.3,117.9,0.2,51
CELL_0042,2026-01-01 10:15:00,-99.0,17.5,33.8,187.3,1.02,170
CELL_0043,2026-01-01 10:30:00,-108.1,11.9,41.9,63.5,1.58,47
CELL_0044,2026-01-01 10:45:00,-119.5,18.6,36.0,24.5,2.69,269
CELL_0045,2026-01-01 11:00:00,-106.7,28.0,53.4,176.5,1.85,90
CELL_0046,2026-01-01 11:15:00,-98.1,16.3,21.6,196.9,4.04,280
CELL_0047,2026-01-01 11:30:00,-119.6,24.5,21.5,134.4,4.69,78
CELL_0048,2026-01-01 11:45:00,-106.8,26.7,45.8,35.3,1.41,117
CELL_0049,2026-01-01 12:00:00,-84.1,6.1,39.9,56.5,2.44,36
CELL_0050,2026-01-01 12:15:00,-115.4,12.7,20.2,5.7,3.86,144
CELL_0051,2026-01-01 12:30:00,-111.9,13.3,43.8,114.4,0.56,86
CELL_0052,2026-01-01 12:45:00,-92.7,25.0,37.0,33.9,0.64,167
CELL_0053,2026-01-01 13:00:00,-101.8,28.0,58.5,12.8,1.79,137
CELL_0054,2026-01-01 13:15:00,-86.7,10.6,35.8,175.6,4.87,89
CELL_0055,2026-01-01 13:30:00,-73.7,7.1,13.9,161.0,0.89,221
CELL_0056,2026-01-01 13:45:00,-118.8,22.1,23.3,186.5,4.01,137
CELL_0057,2026-01-01 14:00:00,-106.7,23.6,10.9,175.1,4.29,123
CELL_0058,2026-01-01 14:15:00,-110.0,27.6,24.2,165.0,4.36,124
CELL_0059,2026-01-01 14:30:00,-118.8,5.8,23.1,173.5,4.83,152
CELL_0060,2026-01-01 14:45:00,-102.4,15.3,42.4,169.5,1.66,24
CELL_0061,2026-01-01 15:00:00,-114.2,29.1,14.8,192.7,1.33,65
CELL_0062,2026-01-01 15:15:00,-90.2,10.4,48.3,90.1,4.92,69
CELL_0063,2026-01-01 15:30:00,-100.7,17.3,19.0,143.2,0.01,285
CELL_0064,2026-01-01 15:45:00,-85.7,28.2,45.5,43.4,2.16,179
CELL_0065,2026-01-01 16:00:00,-88.8,19.9,11.9,180.5,2.54,219
CELL_0066,2026-01-01 16:15:00,-103.7,20.9,35.5,42.4,3.32,204
CELL_0067,2026-01-01 16:30:00,-86.1,27.1,38.9,63.7,2.74,10
CELL_0068,2026-01-01 16:45:00,-104.8,6.3,48.2,123.3,1.61,236
CELL_0069,2026-01-01 17:00:00,-97.9,6.4,31.0,180.7,3.98,96
CELL_0070,2026-01-01 17:15:00,-87.1,8.5,41.5,125.8,0.47,130
CELL_0071,2026-01-01 17:30:00,-86.4,6.7,16.0,9.8,1.22,253
CELL_0072,2026-01-01 17:45:00,-89.4,23.1,30.0,177.8,2.88,206
CELL_0073,2026-01-01 18:00:00,-95.3,7.3,41.1,6.1,3.75,64
CELL_0074,2026-01-01 18:15:00,-81.1,6.6,49.2,140.7,2.32,295
CELL_0075,2026-01-01 18:30:00,-107.5,25.5,30.1,161.3,3.34,296
CELL_0076,2026-01-01 18:45:00,-90.2,28.5,54.0,124.5,3.6,268
CELL_0077,2026-01-01 19:00:00,-98.7,27.2,29.5,36.0,4.31,240
CELL_0078,2026-01-01 19:15:00,-107.0,7.4,40.1,154.3,2.61,132
CELL_0079,2026-01-01 19:30:00,-106.3,2.3,20.7,58.0,1.6,286
CELL_0080,2026-01-01 19:45:00,-116.0,4.5,26.1,34.8,1.07,222
CELL_0081,2026-01-01 20:00:00,-99.6,16.3,27.9,45.3,2.1,20
CELL_0082,2026-01-01 20:15:00,-77.2,23.0,25.9,6.1,1.76,209
CELL_0083,2026-01-01 20:30:00,-77.3,28.6,28.0,150.8,2.73,122
CELL_0084,2026-01-01 20:45:00,-95.6,8.2,31.7,80.8,3.34,217
CELL_0085,2026-01-01 21:00:00,-83.8,25.2,55.6,196.2,2.67,211
CELL_0086,2026-01-01 21:15:00,-90.4,19.9,9.6,88.6,4.33,103
CELL_0087,2026-01-01 21:30:00,-117.5,11.4,16.6,68.7,3.81,204
CELL_0088,2026-01-01 21:45:00,-106.1,28.5,28.2,167.8,2.35,286
CELL_0089,2026-01-01 22:00:00,-117.4,28.6,17.3,18.4,4.79,30
CELL_0090,2026-01-01 22:15:00,-82.3,28.5,16.0,9.0,0.76,74
CELL_0091,2026-01-01 22:30:00,-96.3,3.4,57.1,95.7,1.28,198
CELL_0092,2026-01-01 22:45:00,-111.6,18.2,46.1,27.3,4.1,169
CELL_0093,2026-01-01 23:00:00,-114.6,0.8,22.2,137.1,4.79,213
CELL_0094,2026-01-01 23:15:00,-72.9,5.9,37.6,167.0,1.21,164
CELL_0095,2026-01-01 23:30:00,-77.5,18.0,11.7,196.8,3.91,187
CELL_0096,2026-01-01 23:45:00,-93.4,19.8,8.8,131.3,0.06,225
CELL_0097,2026-01-02 00:00:00,-78.9,3.2,57.8,128.9,4.14,88
CELL_0098,2026-01-02 00:15:00,-98.2,22.0,58.1,57.7,4.04,285
CELL_0099,2026-01-02 00:30:00,-81.3,13.9,50.4,120.5,1.61,135
CELL_0100,2026-01-02 00:45:00,-78.5,2.6,53.5,52.6,2.32,204
CELL_0101,2026-01-02 01:00:00,-103.2,14.8,22.9,100.1,1.77,142
CELL_0102,2026-01-02 01:15:00,-103.0,26.4,43.6,58.9,0.05,107
CELL_0103,2026-01-02 01:30:00,-115.7,21.6,31.9,152.8,3.45,261
CELL_0104,2026-01-02 01:45:00,-97.6,0.5,21.2,83.9,1.22,198
CELL_0105,2026-01-02 02:00:00,-96.3,15.9,28.4,150.5,1.65,242
CELL_0106,2026-01-02 02:15:00,-106.5,7.5,11.6,42.6,0.6,284
CELL_0107,2026-01-02 02:30:00,-72.5,20.7,15.5,149.0,1.38,278
CELL_0108,2026-01-02 02:45:00,-90.2,29.4,50.8,62.8,1.8,164
CELL_0109,2026-01-02 03:00:00,-119.3,16.0,20.1,195.0,2.77,74
CELL_0110,2026-01-02 03:15:00,-88.1,22.6,10.6,7.4,1.42,255
CELL_0111,2026-01-02 03:30:00,-98.0,5.5,7.8,188.5,2.39,43
CELL_0112,2026-01-02 03:45:00,-100.0,2.2,39.6,15.5,0.75,298
CELL_0113,2026-01-02 04:00:00,-72.5,2.6,18.7,113.8,2.08,125
CELL_0114,2026-01-02 04:15:00,-81.2,11.4,55.0,63.0,2.94,229
CELL_0115,2026-01-02 04:30:00,-104.7,18.6,38.5,149.3,4.74,116
CELL_0116,2026-01-02 04:45:00,-88.7,7.9,9.5,51.8,2.76,90
CELL_0117,2026-01-02 05:00:00,-119.9,13.5,37.7,61.8,1.16,154
CELL_0118,2026-01-02 05:15:00,-84.9,13.6,42.8,185.2,3.94,111
CELL_0119,2026-01-02 05:30:00,-98.7,16.3,40.6,182.1,4.13,46
CELL_0120,2026-01-02 05:45:00,-117.0,23.8,37.7,165.7,4.61,234
CELL_0121,2026-01-02 06:00:00,-113.8,20.7,43.5,188.8,2.5,262
CELL_0122,2026-01-02 06:15:00,-98.1,17.9,53.9,148.2,3.02,23
CELL_0123,2026-01-02 06:30:00,-115.4,28.9,51.0,117.2,4.75,147
CELL_0124,2026-01-02 06:45:00,-91.2,22.9,14.6,106.2,2.21,152
CELL_0125,2026-01-02 07:00:00,-110.9,17.6,39.9,100.9,0.46,188
CELL_0126,2026-01-02 07:15:00,-99.6,9.6,10.8,36.4,2.06,263
CELL_0127,2026-01-02 07:30:00,-105.6,28.4,49.7,112.3,2.27,171
CELL_0128,2026-01-02 07:45:00,-107.4,3.5,47.5,173.7,4.12,10
CELL_0129,2026-01-02 08:00:00,-87.1,16.3,27.7,41.6,1.81,265
CELL_0130,2026-01-02 08:15:00,-88.7,22.8,16.2,112.1,4.64,234
CELL_0131,2026-01-02 08:30:00,-76.0,14.5,6.6,127.9,4.0,91
CELL_0132,2026-01-02 08:45:00,-104.5,0.4,27.4,48.8,4.21,68
CELL_0133,2026-01-02 09:00:00,-96.9,3.5,50.8,102.2,3.58,270
CELL_0134,2026-01-02 09:15:00,-84.7,12.5,31.5,97.1,2.28,84
CELL_0135,2026-01-02 09:30:00,-100.8,27.7,33.0,176.5,4.32,151
CELL_0136,2026-01-02 09:45:00,-81.4,25.6,23.7,158.6,1.34,11
CELL_0137,2026-01-02 10:00:00,-105.9,9.0,37.3,199.8,2.45,86
CELL_0138,2026-01-02 10:15:00,-97.7,14.5,23.3,153.8,1.89,174
CELL_0139,2026-01-02 10:30:00,-76.5,29.4,18.1,79.7,4.28,220
CELL_0140,2026-01-02 10:45:00,-117.8,22.3,43.8,163.2,1.93,87
CELL_0141,2026-01-02 11:00:00,-95.2,1.1,32.6,120.1,4.35,235
CELL_0142,2026-01-02 11:15:00,-115.0,27.3,5.8,33.1,4.35,89
CELL_0143,2026-01-02 11:30:00,-116.3,23.4,19.6,126.5,1.99,51
CELL_0144,2026-01-02 11:45:00,-77.4,25.6,52.3,79.1,1.58,259
CELL_0145,2026-01-02 12:00:00,-76.4,1.1,8.8,128.1,4.6,126
CELL_0146,2026-01-02 12:15:00,-82.7,13.0,10.4,128.6,4.36,237
CELL_0147,2026-01-02 12:30:00,-111.7,9.0,6.6,68.3,0.28,193
CELL_0148,2026-01-02 12:45:00,-101.3,4.4,34.2,115.4,3.96,97
CELL_0149,2026-01-02 13:00:00,-111.2,18.3,26.0,138.2,2.49,83
CELL_0150,2026-01-02 13:15:00,-108.4,19.1,30.3,135.0,4.49,248
CELL_0151,2026-01-02 13:30:00,-74.9,20.3,13.7,91.1,1.73,163
CELL_0152,2026-01-02 13:45:00,-88.1,12.7,18.8,169.8,1.0,206
CELL_0153,2026-01-02 14:00:00,-77.3,3.2,26.0,75.0,1.48,161
CELL_0154,2026-01-02 14:15:00,-118.9,24.9,26.8,6.6,4.33,35
CELL_0155,2026-01-02 14:30:00,-74.5,22.4,50.8,181.1,3.88,127
CELL_0156,2026-01-02 14:45:00,-89.6,10.6,40.0,126.1,3.39,80
CELL_0157,2026-01-02 15:00:00,-88.6,27.1,40.5,65.2,2.2,196
CELL_0158,2026-01-02 15:15:00,-83.4,2.7,21.2,150.8,0.88,77
CELL_0159,2026-01-02 15:30:00,-80.7,26.3,25.1,102.8,1.36,94
CELL_0160,2026-01-02 15:45:00,-107.2,24.7,31.5,162.3,3.73,183
CELL_0161,2026-01-02 16:00:00,-79.8,14.0,9.1,152.1,1.13,213
CELL_0162,2026-01-02 16:15:00,-71.6,24.1,25.1,159.2,0.07,284
CELL_0163,2026-01-02 16:30:00,-113.8,11.1,46.2,56.1,1.91,200
CELL_0164,2026-01-02 16:45:00,-114.6,7.0,6.4,177.4,2.81,123
CELL_0165,2026-01-02 17:00:00,-87.6,19.1,30.5,141.7,3.25,69
CELL_0166,2026-01-02 17:15:00,-113.0,28.4,21.7,101.1,0.49,285
CELL_0167,2026-01-02 17:30:00,-113.2,13.6,41.9,149.9,4.73,224
CELL_0168,2026-01-02 17:45:00,-90.6,21.8,53.7,132.7,4.17,218
CELL_0169,2026-01-02 18:00:00,-73.0,8.4,43.0,47.4,2.22,130
CELL_0170,2026-01-02 18:15:00,-77.2,3.0,42.7,111.2,4.89,193
CELL_0171,2026-01-02 18:30:00,-117.0,8.3,58.3,190.1,4.12,56
CELL_0172,2026-01-02 18:45:00,-86.9,19.3,37.8,9.2,3.93,134
CELL_0173,2026-01-02 19:00:00,-70.6,23.6,16.3,166.8,2.77,120
CELL_0174,2026-01-02 19:15:00,-79.3,7.0,47.6,158.8,2.98,151
CELL_0175,2026-01-02 19:30:00,-77.1,4.3,12.1,53.9,0.87,23
CELL_0176,2026-01-02 19:45:00,-113.4,10.7,48.4,119.8,0.08,145
CELL_0177,2026-01-02 20:00:00,-117.4,22.3,33.9,150.4,2.38,195
CELL_0178,2026-01-02 20:15:00,-94.3,3.3,32.7,189.4,0.22,276
CELL_0179,2026-01-02 20:30:00,-104.9,19.3,6.7,199.7,4.24,228
CELL_0180,2026-01-02 20:45:00,-85.7,14.7,55.0,19.3,0.4,85
CELL_0181,2026-01-02 21:00:00,-116.7,8.3,39.8,111.9,1.63,281
CELL_0182,2026-01-02 21:15:00,-105.3,15.2,28.7,159.7,0.57,292
CELL_0183,2026-01-02 21:30:00,-84.0,6.5,29.8,49.6,1.69,242
CELL_0184,2026-01-02 21:45:00,-100.1,21.9,22.2,65.9,1.27,88
CELL_0185,2026-01-02 22:00:00,-85.7,14.2,10.0,21.6,2.16,200
CELL_0186,2026-01-02 22:15:00,-79.4,16.7,37.3,114.5,1.65,72
CELL_0187,2026-01-02 22:30:00,-99.5,26.2,56.8,87.5,4.58,36
CELL_0188,2026-01-02 22:45:00,-71.6,18.0,24.3,117.7,1.06,256
CELL_0189,2026-01-02 23:00:00,-108.8,3.2,51.5,76.7,3.81,125
CELL_0190,2026-01-02 23:15:00,-79.6,25.4,58.6,164.6,3.07,295
CELL_0191,2026-01-02 23:30:00,-118.7,27.9,50.6,57.2,0.9,168
CELL_0192,2026-01-02 23:45:00,-73.9,10.5,15.0,32.9,3.29,45
CELL_0193,2026-01-03 00:00:00,-112.9,19.0,6.7,150.5,1.08,224
CELL_0194,2026-01-03 00:15:00,-97.3,4.7,22.1,68.3,4.71,53
CELL_0195,2026-01-03 00:30:00,-75.8,4.7,46.5,14.7,0.41,236
CELL_0196,2026-01-03 00:45:00,-86.9,14.6,29.3,58.3,3.77,68
CELL_0197,2026-01-03 01:00:00,-102.7,3.3,42.3,120.7,2.63,167
CELL_0198,2026-01-03 01:15:00,-117.7,11.9,38.0,6.5,1.51,118
CELL_0199,2026-01-03 01:30:00,-81.6,22.9,20.9,28.4,2.49,230
CELL_0200,2026-01-03 01:45:00,-111.2,11.4,43.7,102.6,4.17,191
CELL_0201,2026-01-03 02:00:00,-116.4,25.9,7.3,8.7,4.61,170
CELL_0202,2026-01-03 02:15:00,-91.2,17.2,44.0,86.5,0.58,20
CELL_0203,2026-01-03 02:30:00,-71.7,5.2,57.1,94.7,3.45,195
CELL_0204,2026-01-03 02:45:00,-115.6,25.3,18.4,119.8,2.62,212
CELL_0205,2026-01-03 03:00:00,-76.5,22.4,17.2,156.9,0.38,68
CELL_0206,2026-01-03 03:15:00,-93.5,5.8,47.7,73.5,4.79,85
CELL_0207,2026-01-03 03:30:00,-108.2,4.4,15.8,122.5,3.8,48
CELL_0208,2026-01-03 03:45:00,-111.1,23.2,32.2,152.1,3.8,239
CELL_0209,2026-01-03 04:00:00,-85.9,26.5,40.4,197.4,1.62,171
CELL_0210,2026-01-03 04:15:00,-112.5,2.0,29.3,64.0,1.37,38
CELL_0211,2026-01-03 04:30:00,-102.4,2.2,30.4,12.3,1.84,156
CELL_0212,2026-01-03 04:45:00,-116.2,25.9,52.0,124.9,2.54,246
CELL_0213,2026-01-03 05:00:00,-91.0,28.6,45.6,13.0,4.55,106
CELL_0214,2026-01-03 05:15:00,-103.9,14.3,13.3,17.1,0.52,185
CELL_0215,2026-01-03 05:30:00,-70.9,2.5,40.5,12.6,3.54,234
CELL_0216,2026-01-03 05:45:00,-93.8,18.3,25.0,184.0,1.94,183
CELL_0217,2026-01-03 06:00:00,-86.1,1.6,39.7,70.3,1.65,295
CELL_0218,2026-01-03 06:15:00,-86.1,8.5,44.8,133.0,4.53,86
CELL_0219,2026-01-03 06:30:00,-103.3,17.5,12.8,73.2,4.84,210
CELL_0220,2026-01-03 06:45:00,-113.6,21.3,9.7,114.0,3.22,178
CELL_0221,2026-01-03 07:00:00,-79.3,20.1,50.6,149.1,3.43,279
CELL_0222,2026-01-03 07:15:00,-115.3,20.1,33.0,8.6,1.54,119
CELL_0223,2026-01-03 07:30:00,-102.9,23.0,15.6,200.0,0.77,161
CELL_0224,2026-01-03 07:45:00,-77.8,3.0,47.4,167.8,4.42,29
CELL_0225,2026-01-03 08:00:00,-86.9,26.3,39.0,121.5,0.77,102
CELL_0226,2026-01-03 08:15:00,-78.4,23.1,49.5,37.3,2.19,220
CELL_0227,2026-01-03 08:30:00,-101.8,21.6,58.3,124.1,3.76,239
CELL_0228,2026-01-03 08:45:00,-108.3,7.2,58.1,158.0,4.52,109
CELL_0229,2026-01-03 09:00:00,-101.6,28.4,59.1,95.0,1.41,205
CELL_0230,2026-01-03 09:15:00,-94.9,12.6,13.9,43.9,3.02,138
CELL_0231,2026-01-03 09:30:00,-117.4,14.4,25.4,187.2,3.56,274
CELL_0232,2026-01-03 09:45:00,-77.4,8.6,47.0,58.2,4.53,85
CELL_0233,2026-01-03 10:00:00,-78.4,2.8,55.1,164.3,4.42,23
CELL_0234,2026-01-03 10:15:00,-99.3,11.9,25.6,80.3,0.41,124
CELL_0235,2026-01-03 10:30:00,-118.6,27.9,51.2,131.7,3.96,80
CELL_0236,2026-01-03 10:45:00,-118.1,27.5,31.0,167.1,3.79,250
CELL_0237,2026-01-03 11:00:00,-97.6,0.2,9.4,54.9,4.17,290
CELL_0238,2026-01-03 11:15:00,-73.0,18.3,28.3,156.4,1.19,72
CELL_0239,2026-01-03 11:30:00,-117.6,12.6,48.7,94.1,0.55,265
CELL_0240,2026-01-03 11:45:00,-90.2,0.5,33.3,52.2,0.72,229
CELL_0241,2026-01-03 12:00:00,-119.9,10.6,36.4,41.5,3.34,278
CELL_0242,2026-01-03 12:15:00,-71.3,2.0,33.9,103.9,4.94,293
CELL_0243,2026-01-03 12:30:00,-119.0,26.2,7.4,80.4,1.87,18
CELL_0244,2026-01-03 12:45:00,-102.1,2.0,18.3,133.1,0.52,180
CELL_0245,2026-01-03 13:00:00,-113.3,10.6,23.6,130.3,4.15,247
CELL_0246,2026-01-03 13:15:00,-71.0,14.4,15.0,31.3,3.58,244
CELL_0247,2026-01-03 13:30:00,-118.2,6.0,48.5,177.7,1.58,168
CELL_0248,2026-01-03 13:45:00,-94.2,29.7,34.9,54.4,3.77,107
CELL_0249,2026-01-03 14:00:00,-105.7,25.9,7.6,132.9,1.37,198
CELL_0250,2026-01-03 14:15:00,-98.2,12.0,29.2,191.5,1.7,105
CELL_0251,2026-01-03 14:30:00,-95.2,14.9,55.8,106.3,4.01,227
CELL_0252,2026-01-03 14:45:00,-116.1,18.1,50.2,111.4,1.61,50
CELL_0253,2026-01-03 15:00:00,-103.6,8.9,29.5,144.9,0.83,237
CELL_0254,2026-01-03 15:15:00,-102.4,1.3,52.9,73.7,4.99,150
CELL_0255,2026-01-03 15:30:00,-88.0,23.7,8.2,135.9,2.03,272
CELL_0256,2026-01-03 15:45:00,-79.9,20.4,57.4,32.8,3.04,234
CELL_0257,2026-01-03 16:00:00,-118.3,2.0,47.8,76.4,1.91,300
CELL_0258,2026-01-03 16:15:00,-118.4,4.6,29.7,77.3,2.22,49
CELL_0259,2026-01-03 16:30:00,-91.3,15.9,26.9,131.7,1.25,68
CELL_0260,2026-01-03 16:45:00,-118.7,5.6,33.5,183.1,0.59,143
CELL_0261,2026-01-03 17:00:00,-84.8,6.4,38.7,140.3,4.99,112
CELL_0262,2026-01-03 17:15:00,-113.9,25.6,29.9,180.2,2.23,54
CELL_0263,2026-01-03 17:30:00,-79.5,29.0,59.3,135.2,3.55,291
CELL_0264,2026-01-03 17:45:00,-92.9,26.7,51.8,143.8,4.64,99
CELL_0265,2026-01-03 18:00:00,-80.3,15.3,11.7,44.2,0.69,262
CELL_0266,2026-01-03 18:15:00,-118.7,16.6,25.3,161.7,2.76,54
CELL_0267,2026-01-03 18:30:00,-116.7,11.9,44.4,98.3,2.05,219
CELL_0268,2026-01-03 18:45:00,-78.8,2.2,58.5,130.3,2.25,274
CELL_0269,2026-01-03 19:00:00,-102.8,26.3,47.9,129.8,0.91,76
CELL_0270,2026-01-03 19:15:00,-98.4,27.3,8.0,29.2,0.77,94
CELL_0271,2026-01-03 19:30:00,-111.9,28.0,17.4,189.8,2.59,155
CELL_0272,2026-01-03 19:45:00,-77.7,7.5,39.9,112.4,0.63,165
CELL_0273,2026-01-03 20:00:00,-89.3,2.8,40.3,120.4,2.9,97
CELL_0274,2026-01-03 20:15:00,-87.1,21.6,38.3,169.3,2.82,24
CELL_0275,2026-01-03 20:30:00,-115.9,28.5,47.4,56.6,1.05,223
CELL_0276,2026-01-03 20:45:00,-89.1,0.9,53.9,111.4,3.21,164
CELL_0277,2026-01-03 21:00:00,-95.9,24.1,42.7,63.0,0.36,40
CELL_0278,2026-01-03 21:15:00,-112.1,12.5,30.5,71.3,0.72,173
CELL_0279,2026-01-03 21:30:00,-83.3,25.8,58.6,30.5,1.85,297
CELL_0280,2026-01-03 21:45:00,-114.7,7.3,11.7,92.7,0.7,35
CELL_0281,2026-01-03 22:00:00,-105.5,11.5,38.8,53.4,4.33,91
CELL_0282,2026-01-03 22:15:00,-79.3,28.0,44.7,42.0,0.8,273
CELL_0283,2026-01-03 22:30:00,-96.7,26.4,32.4,22.6,1.97,244
CELL_0284,2026-01-03 22:45:00,-71.7,6.5,24.4,14.9,2.47,250
CELL_0285,2026-01-03 23:00:00,-105.7,0.2,10.9,31.1,1.32,197
CELL_0286,2026-01-03 23:15:00,-81.8,11.0,27.0,116.2,0.97,293
CELL_0287,2026-01-03 23:30:00,-105.6,11.6,29.8,112.2,4.13,70
CELL_0288,2026-01-03 23:45:00,-113.6,2.9,25.5,197.4,2.79,197
CELL_0289,2026-01-04 00:00:00,-82.3,6.0,33.0,102.5,0.23,80
CELL_0290,2026-01-04 00:15:00,-84.3,24.1,33.6,34.0,4.47,81
CELL_0291,2026-01-04 00:30:00,-103.6,18.4,13.9,198.2,3.7,163
CELL_0292,2026-01-04 00:45:00,-90.3,15.2,33.0,100.5,2.81,253
CELL_0293,2026-01-04 01:00:00,-79.2,11.1,42.1,196.1,2.92,23
CELL_0294,2026-01-04 01:15:00,-90.2,8.0,41.1,194.6,2.89,126
CELL_0295,2026-01-04 01:30:00,-83.9,17.5,14.4,127.7,3.1,204
CELL_0296,2026-01-04 01:45:00,-112.6,20.4,6.7,189.9,0.55,19
CELL_0297,2026-01-04 02:00:00,-97.9,12.6,27.7,44.8,2.51,251
CELL_0298,2026-01-04 02:15:00,-76.4,22.1,8.4,31.9,1.04,176
CELL_0299,2026-01-04 02:30:00,-70.1,14.4,25.7,191.6,2.3,282
CELL_0300,2026-01-04 02:45:00,-102.9,10.6,47.5,145.6,3.22,145
CELL_0301,2026-01-04 03:00:00,-89.5,5.8,18.6,113.8,1.12,162
CELL_0302,2026-01-04 03:15:00,-81.4,21.1,43.0,100.4,2.4,296
CELL_0303,2026-01-04 03:30:00,-73.3,23.9,20.0,28.8,3.38,204
CELL_0304,2026-01-04 03:45:00,-75.2,11.8,24.0,155.7,0.73,31
CELL_0305,2026-01-04 04:00:00,-105.6,21.4,24.0,91.3,1.28,255
CELL_0306,2026-01-04 04:15:00,-109.3,24.8,19.9,114.6,1.36,65
CELL_0307,2026-01-04 04:30:00,-89.2,17.6,18.3,135.6,2.66,129
CELL_0308,2026-01-04 04:45:00,-117.4,12.4,44.5,24.6,3.85,12
CELL_0309,2026-01-04 05:00:00,-71.8,29.3,13.7,132.3,4.4,253
CELL_0310,2026-01-04 05:15:00,-96.1,6.0,58.0,67.6,3.23,55
CELL_0311,2026-01-04 05:30:00,-87.4,7.0,45.6,170.8,0.19,99
CELL_0312,2026-01-04 05:45:00,-99.1,25.1,56.4,12.1,4.18,263
CELL_0313,2026-01-04 06:00:00,-110.7,22.5,53.0,61.4,0.19,162
CELL_0314,2026-01-04 06:15:00,-91.6,3.2,59.1,60.5,4.95,288
CELL_0315,2026-01-04 06:30:00,-93.8,26.7,12.4,103.3,1.36,67
CELL_0316,2026-01-04 06:45:00,-103.5,21.9,40.7,145.1,0.07,182
CELL_0317,2026-01-04 07:00:00,-80.5,17.0,46.7,39.2,4.28,217
CELL_0318,2026-01-04 07:15:00,-78.7,15.5,9.8,135.5,0.92,81
CELL_0319,2026-01-04 07:30:00,-96.1,28.1,5.4,79.8,2.23,146
CELL_0320,2026-01-04 07:45:00,-72.3,9.1,44.8,7.2,3.27,130
CELL_0321,2026-01-04 08:00:00,-116.9,3.5,21.9,84.1,2.51,169
CELL_0322,2026-01-04 08:15:00,-85.5,19.2,56.7,76.7,1.1,78
CELL_0323,2026-01-04 08:30:00,-96.1,13.6,59.4,77.9,3.51,251
CELL_0324,2026-01-04 08:45:00,-82.1,24.1,50.4,153.6,3.4,51
CELL_0325,2026-01-04 09:00:00,-93.7,15.8,24.9,183.9,0.56,290
CELL_0326,2026-01-04 09:15:00,-74.9,6.1,34.5,37.1,4.27,236
CELL_0327,2026-01-04 09:30:00,-114.2,6.2,37.1,22.7,2.55,38
CELL_0328,2026-01-04 09:45:00,-97.3,15.4,30.1,16.3,2.31,167
CELL_0329,2026-01-04 10:00:00,-83.8,11.9,49.9,150.4,2.89,33
CELL_0330,2026-01-04 10:15:00,-98.8,21.0,34.8,16.7,4.47,251
CELL_0331,2026-01-04 10:30:00,-118.4,12.3,47.3,154.3,4.89,225
CELL_0332,2026-01-04 10:45:00,-101.3,26.7,29.7,183.8,1.89,51
CELL_0333,2026-01-04 11:00:00,-85.9,19.9,34.7,132.4,1.74,101
CELL_0334,2026-01-04 11:15:00,-70.4,11.8,12.0,195.9,4.17,21
CELL_0335,2026-01-04 11:30:00,-71.1,13.9,44.6,87.7,1.9,127
CELL_0336,2026-01-04 11:45:00,-107.6,10.4,20.2,187.8,3.63,67
CELL_0337,2026-01-04 12:00:00,-118.4,19.8,38.8,187.6,4.45,133
CELL_0338,2026-01-04 12:15:00,-109.7,3.0,6.8,121.6,3.52,34
CELL_0339,2026-01-04 12:30:00,-107.8,1.3,29.1,110.3,3.77,38
CELL_0340,2026-01-04 12:45:00,-113.0,29.8,17.9,183.7,2.88,174
CELL_0341,2026-01-04 13:00:00,-108.2,26.3,59.2,106.6,2.07,150
CELL_0342,2026-01-04 13:15:00,-117.0,28.5,53.4,182.8,3.13,228
CELL_0343,2026-01-04 13:30:00,-92.2,1.4,23.9,130.4,1.91,278
CELL_0344,2026-01-04 13:45:00,-104.1,12.5,13.2,78.4,3.77,252
CELL_0345,2026-01-04 14:00:00,-108.0,6.8,52.2,33.1,2.32,39
CELL_0346,2026-01-04 14:15:00,-91.9,29.0,35.7,31.1,1.21,114
CELL_0347,2026-01-04 14:30:00,-103.5,2.4,29.7,77.4,2.68,107
CELL_0348,2026-01-04 14:45:00,-117.4,11.3,38.3,12.7,0.36,296
CELL_0349,2026-01-04 15:00:00,-109.1,6.3,54.9,64.1,4.54,118
CELL_0350,2026-01-04 15:15:00,-73.1,28.9,11.5,199.9,2.39,134
CELL_0351,2026-01-04 15:30:00,-85.2,21.1,26.8,51.7,1.61,154
CELL_0352,2026-01-04 15:45:00,-101.0,16.0,24.8,56.0,2.56,264
CELL_0353,2026-01-04 16:00:00,-96.7,24.1,44.7,153.5,1.6,114
CELL_0354,2026-01-04 16:15:00,-101.5,12.4,35.9,48.1,0.73,143
CELL_0355,2026-01-04 16:30:00,-92.3,17.5,44.6,62.6,0.98,127
CELL_0356,2026-01-04 16:45:00,-101.0,25.0,32.5,132.6,3.42,141
CELL_0357,2026-01-04 17:00:00,-81.8,14.7,44.8,149.2,2.3,190
CELL_0358,2026-01-04 17:15:00,-111.5,21.6,31.9,183.8,2.71,40
CELL_0359,2026-01-04 17:30:00,-93.8,25.2,9.1,164.5,0.24,13
CELL_0360,2026-01-04 17:45:00,-99.4,25.3,17.7,142.9,0.05,268
CELL_0361,2026-01-04 18:00:00,-97.2,1.8,40.1,187.1,4.56,259
CELL_0362,2026-01-04 18:15:00,-119.2,16.0,27.6,8.3,3.61,284
CELL_0363,2026-01-04 18:30:00,-71.1,0.5,49.7,136.4,4.03,101
CELL_0364,2026-01-04 18:45:00,-114.6,2.9,13.2,42.4,2.63,191
CELL_0365,2026-01-04 19:00:00,-106.6,11.9,25.5,84.2,2.83,125
CELL_0366,2026-01-04 19:15:00,-105.0,24.8,9.4,198.4,3.25,26
CELL_0367,2026-01-04 19:30:00,-115.3,11.4,35.4,15.9,0.05,97
CELL_0368,2026-01-04 19:45:00,-115.9,25.4,40.5,69.6,4.89,58
CELL_0369,2026-01-04 20:00:00,-75.3,27.6,17.6,180.7,3.46,300
CELL_0370,2026-01-04 20:15:00,-96.2,1.4,9.1,185.5,4.5,298
CELL_0371,2026-01-04 20:30:00,-87.1,5.4,51.8,8.1,1.04,83
CELL_0372,2026-01-04 20:45:00,-82.4,21.4,26.9,20.0,0.81,133
CELL_0373,2026-01-04 21:00:00,-91.7,25.5,42.2,110.4,1.92,81
CELL_0374,2026-01-04 21:15:00,-80.5,20.7,9.3,150.4,1.73,60
CELL_0375,2026-01-04 21:30:00,-98.1,25.2,23.7,155.0,4.77,213
CELL_0376,2026-01-04 21:45:00,-71.6,9.8,39.9,157.8,2.25,126
CELL_0377,2026-01-04 22:00:00,-102.2,28.2,28.8,137.5,3.3,53
CELL_0378,2026-01-04 22:15:00,-81.4,8.9,18.6,19.3,1.34,204
CELL_0379,2026-01-04 22:30:00,-84.4,19.0,45.7,66.8,0.53,12
CELL_0380,2026-01-04 22:45:00,-72.9,13.3,46.9,24.9,0.44,230
CELL_0381,2026-01-04 23:00:00,-97.6,16.6,27.4,10.1,1.77,57
CELL_0382,2026-01-04 23:15:00,-90.2,23.5,52.5,7.4,2.07,53
CELL_0383,2026-01-04 23:30:00,-83.8,16.8,59.6,52.3,2.61,204
CELL_0384,2026-01-04 23:45:00,-111.5,8.1,19.8,33.5,0.84,151
CELL_0385,2026-01-05 00:00:00,-98.9,14.5,9.2,54.1,1.23,263
CELL_0386,2026-01-05 00:15:00,-90.3,5.9,10.9,64.4,4.74,180
CELL_0387,2026-01-05 00:30:00,-77.9,11.4,52.4,90.8,2.15,79
CELL_0388,2026-01-05 00:45:00,-105.0,18.1,43.2,98.4,0.89,213
CELL_0389,2026-01-05 01:00:00,-71.6,8.7,43.2,100.7,2.88,134
CELL_0390,2026-01-05 01:15:00,-103.7,8.4,48.2,76.2,4.66,112
CELL_0391,2026-01-05 01:30:00,-90.4,16.4,42.5,112.3,4.77,246
CELL_0392,2026-01-05 01:45:00,-72.9,6.3,48.9,167.1,0.35,219
CELL_0393,2026-01-05 02:00:00,-86.4,4.2,21.7,54.3,0.77,226
CELL_0394,2026-01-05 02:15:00,-80.5,2.2,59.5,98.5,2.0,269
CELL_0395,2026-01-05 02:30:00,-73.8,26.1,28.0,12.2,4.84,284
CELL_0396,2026-01-05 02:45:00,-90.3,27.4,11.0,53.4,3.32,95
CELL_0397,2026-01-05 03:00:00,-87.7,1.3,59.1,137.1,2.0,179
CELL_0398,2026-01-05 03:15:00,-71.7,12.9,5.6,55.5,2.55,275
CELL_0399,2026-01-05 03:30:00,-92.1,20.6,17.2,78.0,2.32,266
CELL_0400,2026-01-05 03:45:00,-112.5,29.9,31.6,62.6,4.6,53
CELL_0401,2026-01-05 04:00:00,-114.2,28.2,12.8,65.8,2.28,115
CELL_0402,2026-01-05 04:15:00,-93.9,10.4,10.4,145.8,2.26,44
CELL_0403,2026-01-05 04:30:00,-105.0,24.3,11.3,170.6,3.24,94
CELL_0404,2026-01-05 04:45:00,-73.5,22.2,33.4,112.6,1.65,228
CELL_0405,2026-01-05 05:00:00,-72.1,7.0,27.3,41.0,3.2,231
CELL_0406,2026-01-05 05:15:00,-100.2,22.1,53.6,92.7,2.15,12
CELL_0407,2026-01-05 05:30:00,-84.8,6.2,46.4,162.7,0.31,62
CELL_0408,2026-01-05 05:45:00,-80.0,16.1,25.1,43.4,0.57,260
CELL_0409,2026-01-05 06:00:00,-93.6,19.2,37.8,124.2,2.94,188
CELL_0410,2026-01-05 06:15:00,-102.4,13.7,14.5,136.3,4.0,53
CELL_0411,2026-01-05 06:30:00,-86.4,9.4,18.1,27.8,1.87,82
CELL_0412,2026-01-05 06:45:00,-94.5,12.5,12.6,79.8,0.93,285
CELL_0413,2026-01-05 07:00:00,-85.3,19.4,60.0,113.2,2.45,81
CELL_0414,2026-01-05 07:15:00,-110.6,25.3,39.1,173.8,4.76,258
CELL_0415,2026-01-05 07:30:00,-113.2,24.5,58.0,103.6,2.47,261
CELL_0416,2026-01-05 07:45:00,-99.2,25.2,31.9,21.1,0.15,122
CELL_0417,2026-01-05 08:00:00,-105.4,8.2,34.6,37.8,2.29,263
CELL_0418,2026-01-05 08:15:00,-92.5,3.4,11.3,156.1,4.12,197
CELL_0419,2026-01-05 08:30:00,-92.9,22.7,46.8,91.1,1.09,227
CELL_0420,2026-01-05 08:45:00,-114.9,24.9,46.3,63.1,5.0,240
CELL_0421,2026-01-05 09:00:00,-106.9,25.9,9.8,173.7,0.59,131
CELL_0422,2026-01-05 09:15:00,-109.5,22.1,42.9,172.9,3.05,229
CELL_0423,2026-01-05 09:30:00,-111.7,4.2,16.4,45.4,0.3,189
CELL_0424,2026-01-05 09:45:00,-93.4,17.9,14.3,195.9,1.46,146
CELL_0425,2026-01-05 10:00:00,-72.4,15.4,54.5,164.0,0.68,220
CELL_0426,2026-01-05 10:15:00,-74.1,29.8,52.7,29.7,4.33,137
CELL_0427,2026-01-05 10:30:00,-112.7,9.7,18.6,169.5,1.96,82
CELL_0428,2026-01-05 10:45:00,-91.1,8.1,27.8,93.1,3.17,57
CELL_0429,2026-01-05 11:00:00,-99.9,22.5,43.2,176.1,2.27,259
CELL_0430,2026-01-05 11:15:00,-103.6,0.1,47.6,147.9,3.65,244
CELL_0431,2026-01-05 11:30:00,-88.3,20.9,51.8,160.2,1.99,229
CELL_0432,2026-01-05 11:45:00,-78.8,14.8,22.8,60.3,2.74,76
CELL_0433,2026-01-05 12:00:00,-91.7,14.6,23.9,138.1,0.24,60
CELL_0434,2026-01-05 12:15:00,-88.7,25.1,5.9,186.2,0.79,243
CELL_0435,2026-01-05 12:30:00,-120.0,28.7,16.1,139.3,0.66,164
CELL_0436,2026-01-05 12:45:00,-112.1,28.0,20.1,132.6,1.25,200
CELL_0437,2026-01-05 13:00:00,-86.8,19.5,7.8,127.0,3.63,129
CELL_0438,2026-01-05 13:15:00,-98.5,2.7,10.2,46.6,0.39,125
CELL_0439,2026-01-05 13:30:00,-94.0,13.4,5.4,72.0,0.6,226
CELL_0440,2026-01-05 13:45:00,-85.3,14.3,17.6,22.4,4.03,62
CELL_0441,2026-01-05 14:00:00,-104.3,26.4,12.5,155.8,3.77,78
CELL_0442,2026-01-05 14:15:00,-87.9,20.3,8.8,114.8,3.05,94
CELL_0443,2026-01-05 14:30:00,-98.0,21.7,39.5,34.5,2.06,236
CELL_0444,2026-01-05 14:45:00,-77.0,2.6,10.5,151.7,2.95,206
CELL_0445,2026-01-05 15:00:00,-102.4,12.9,48.5,53.3,3.22,137
CELL_0446,2026-01-05 15:15:00,-92.3,18.0,38.4,156.9,3.45,164
CELL_0447,2026-01-05 15:30:00,-109.7,18.2,15.4,81.4,3.23,132
CELL_0448,2026-01-05 15:45:00,-95.3,3.4,32.5,120.8,2.64,16
CELL_0449,2026-01-05 16:00:00,-70.7,28.0,12.3,172.9,2.84,197
CELL_0450,2026-01-05 16:15:00,-92.7,5.2,30.9,197.5,0.36,44
CELL_0451,2026-01-05 16:30:00,-119.3,6.5,55.7,190.0,1.99,156
CELL_0452,2026-01-05 16:45:00,-88.6,15.0,27.8,141.9,0.41,284
CELL_0453,2026-01-05 17:00:00,-93.1,4.6,9.6,20.4,4.6,89
CELL_0454,2026-01-05 17:15:00,-93.2,11.7,39.9,167.7,3.41,43
CELL_0455,2026-01-05 17:30:00,-104.5,13.1,57.4,51.5,1.22,232
CELL_0456,2026-01-05 17:45:00,-114.2,18.4,8.0,134.9,3.29,99
CELL_0457,2026-01-05 18:00:00,-114.0,21.2,43.6,36.9,4.77,277
CELL_0458,2026-01-05 18:15:00,-94.1,24.7,19.3,77.5,3.75,147
CELL_0459,2026-01-05 18:30:00,-83.4,3.5,54.5,70.3,2.15,278
CELL_0460,2026-01-05 18:45:00,-116.8,21.4,36.7,20.0,2.28,194
CELL_0461,2026-01-05 19:00:00,-117.2,25.8,14.2,35.7,3.87,69
CELL_0462,2026-01-05 19:15:00,-108.6,15.3,7.4,173.3,1.22,251
CELL_0463,2026-01-05 19:30:00,-101.8,27.6,14.8,192.3,0.18,224
CELL_0464,2026-01-05 19:45:00,-108.8,7.4,55.4,67.4,4.13,200
CELL_0465,2026-01-05 20:00:00,-114.0,20.2,7.9,48.5,2.58,33
CELL_0466,2026-01-05 20:15:00,-72.3,2.1,30.6,60.0,4.22,177
CELL_0467,2026-01-05 20:30:00,-115.7,13.7,25.3,61.9,3.92,134
CELL_0468,2026-01-05 20:45:00,-96.8,17.8,32.1,155.7,0.98,289
CELL_0469,2026-01-05 21:00:00,-82.0,7.4,5.4,85.0,1.16,187
CELL_0470,2026-01-05 21:15:00,-88.2,20.8,5.5,70.3,3.79,202
CELL_0471,2026-01-05 21:30:00,-77.5,21.8,10.7,108.3,1.19,261
CELL_0472,2026-01-05 21:45:00,-71.9,29.2,12.8,59.6,0.22,128
CELL_0473,2026-01-05 22:00:00,-75.1,15.6,43.5,77.6,4.87,53
CELL_0474,2026-01-05 22:15:00,-91.0,15.2,40.0,81.9,2.96,41
CELL_0475,2026-01-05 22:30:00,-98.3,28.9,18.0,55.9,1.58,211
CELL_0476,2026-01-05 22:45:00,-85.0,22.1,22.5,58.0,0.37,113
CELL_0477,2026-01-05 23:00:00,-113.2,23.1,11.0,25.6,2.25,170
CELL_0478,2026-01-05 23:15:00,-99.7,16.1,58.1,45.5,1.54,145
CELL_0479,2026-01-05 23:30:00,-77.4,2.7,49.4,64.3,3.52,30
CELL_0480,2026-01-05 23:45:00,-109.2,25.7,13.2,143.7,4.84,212
CELL_0481,2026-01-06 00:00:00,-94.3,20.3,19.3,198.2,0.16,217
CELL_0482,2026-01-06 00:15:00,-77.3,16.7,35.3,23.5,0.51,81
CELL_0483,2026-01-06 00:30:00,-113.9,1.9,48.0,48.3,0.99,215
CELL_0484,2026-01-06 00:45:00,-101.4,18.9,40.5,118.6,1.29,48
CELL_0485,2026-01-06 01:00:00,-118.9,1.9,54.6,91.5,0.64,179
CELL_0486,2026-01-06 01:15:00,-113.9,28.3,7.8,185.2,2.17,212
CELL_0487,2026-01-06 01:30:00,-95.2,11.5,28.5,74.0,4.54,150
CELL_0488,2026-01-06 01:45:00,-106.0,26.5,6.9,125.7,1.23,161
CELL_0489,2026-01-06 02:00:00,-95.1,26.5,31.3,22.1,1.92,224
CELL_0490,2026-01-06 02:15:00,-110.0,26.5,33.9,128.0,4.01,19
CELL_0491,2026-01-06 02:30:00,-70.5,23.5,24.8,111.2,2.42,299
CELL_0492,2026-01-06 02:45:00,-94.9,11.7,14.9,67.2,1.1,153
CELL_0493,2026-01-06 03:00:00,-117.1,29.7,34.1,154.5,5.0,91
CELL_0494,2026-01-06 03:15:00,-115.0,19.7,19.7,164.2,4.59,38
CELL_0495,2026-01-06 03:30:00,-81.8,28.4,36.7,196.6,1.94,98
CELL_0496,2026-01-06 03:45:00,-111.2,17.8,49.3,141.0,4.57,24
CELL_0497,2026-01-06 04:00:00,-84.8,10.6,36.2,32.7,4.74,262
CELL_0498,2026-01-06 04:15:00,-92.9,5.3,7.1,16.0,3.01,20
CELL_0499,2026-01-06 04:30:00,-93.7,0.0,55.5,44.3,0.65,100
CELL_0500,2026-01-06 04:45:00,-74.1,25.3,22.8,9.3,2.93,82
CELL_0501,2026-01-06 05:00:00,-81.3,25.4,52.3,192.3,1.87,212
CELL_0502,2026-01-06 05:15:00,-90.7,10.1,22.7,195.3,3.66,233
CELL_0503,2026-01-06 05:30:00,-80.4,28.8,40.7,39.0,4.84,192
CELL_0504,2026-01-06 05:45:00,-108.8,17.7,14.6,64.8,3.44,75
CELL_0505,2026-01-06 06:00:00,-111.1,0.1,43.6,116.7,4.25,300
CELL_0506,2026-01-06 06:15:00,-118.4,18.1,55.7,193.7,1.1,299
CELL_0507,2026-01-06 06:30:00,-114.8,14.9,23.2,20.2,1.73,173
CELL_0508,2026-01-06 06:45:00,-111.6,26.6,9.9,143.2,3.2,181
CELL_0509,2026-01-06 07:00:00,-97.7,8.0,18.7,18.2,1.28,65
CELL_0510,2026-01-06 07:15:00,-84.0,1.4,29.1,86.8,0.83,221
CELL_0511,2026-01-06 07:30:00,-95.3,11.4,35.0,24.8,2.4,125
CELL_0512,2026-01-06 07:45:00,-111.9,2.2,51.5,62.5,1.59,63
CELL_0513,2026-01-06 08:00:00,-116.3,5.1,25.7,147.7,2.74,57
CELL_0514,2026-01-06 08:15:00,-103.1,29.6,54.1,142.4,2.16,94
CELL_0515,2026-01-06 08:30:00,-89.6,13.0,7.9,69.6,4.87,219
CELL_0516,2026-01-06 08:45:00,-85.1,21.7,45.1,56.7,1.41,131
CELL_0517,2026-01-06 09:00:00,-115.2,11.8,35.2,100.7,0.27,11
CELL_0518,2026-01-06 09:15:00,-98.6,8.8,41.4,122.0,1.0,23
CELL_0519,2026-01-06 09:30:00,-109.7,19.1,58.7,97.3,0.58,213
CELL_0520,2026-01-06 09:45:00,-96.5,26.8,19.6,130.2,1.94,199
CELL_0521,2026-01-06 10:00:00,-75.7,11.1,29.5,56.3,2.33,125
CELL_0522,2026-01-06 10:15:00,-78.1,16.9,13.3,140.8,0.48,186
CELL_0523,2026-01-06 10:30:00,-79.6,12.4,46.6,49.4,0.3,208
CELL_0524,2026-01-06 10:45:00,-79.1,12.6,34.5,174.0,2.37,130
CELL_0525,2026-01-06 11:00:00,-96.2,2.4,54.7,144.3,2.51,274
CELL_0526,2026-01-06 11:15:00,-80.0,20.3,39.1,28.5,3.79,98
CELL_0527,2026-01-06 11:30:00,-72.5,5.0,16.7,42.6,0.21,50
CELL_0528,2026-01-06 11:45:00,-70.6,13.1,59.8,127.3,4.17,142
CELL_0529,2026-01-06 12:00:00,-104.0,21.8,49.4,22.0,2.78,292
CELL_0530,2026-01-06 12:15:00,-103.7,8.3,30.2,175.3,3.93,277
CELL_0531,2026-01-06 12:30:00,-80.9,3.4,13.2,115.5,2.91,61
CELL_0532,2026-01-06 12:45:00,-73.8,16.9,10.6,60.8,2.68,186
CELL_0533,2026-01-06 13:00:00,-76.1,7.9,41.0,116.5,2.37,98
CELL_0534,2026-01-06 13:15:00,-106.2,4.3,38.5,140.3,0.19,179
CELL_0535,2026-01-06 13:30:00,-85.5,1.5,31.1,57.4,1.86,182
CELL_0536,2026-01-06 13:45:00,-79.1,9.1,20.4,100.9,3.48,60
CELL_0537,2026-01-06 14:00:00,-71.4,6.8,21.5,150.0,3.87,174
CELL_0538,2026-01-06 14:15:00,-106.5,12.5,40.5,41.6,1.06,218
CELL_0539,2026-01-06 14:30:00,-83.0,22.8,52.7,165.1,2.58,91
CELL_0540,2026-01-06 14:45:00,-116.7,21.3,27.2,157.2,2.62,24
CELL_0541,2026-01-06 15:00:00,-111.3,26.3,16.0,16.2,0.17,35
CELL_0542,2026-01-06 15:15:00,-74.1,21.1,20.1,165.6,2.53,73
CELL_0543,2026-01-06 15:30:00,-85.9,7.3,31.9,92.0,4.8,252
CELL_0544,2026-01-06 15:45:00,-90.7,10.5,14.0,179.4,3.74,56
CELL_0545,2026-01-06 16:00:00,-105.7,11.6,14.0,116.6,4.82,123
CELL_0546,2026-01-06 16:15:00,-87.6,20.3,19.8,84.9,0.1,14
CELL_0547,2026-01-06 16:30:00,-96.3,4.0,14.5,161.2,1.12,166
CELL_0548,2026-01-06 16:45:00,-84.4,21.3,20.1,179.6,4.26,245
CELL_0549,2026-01-06 17:00:00,-107.4,14.0,42.2,165.7,1.99,62
CELL_0550,2026-01-06 17:15:00,-119.6,30.0,58.2,168.7,2.81,154
CELL_0551,2026-01-06 17:30:00,-105.1,3.2,8.5,197.7,3.2,151
CELL_0552,2026-01-06 17:45:00,-106.9,21.3,54.1,63.3,0.75,133
CELL_0553,2026-01-06 18:00:00,-75.0,24.2,49.1,122.0,3.3,81
CELL_0554,2026-01-06 18:15:00,-83.9,19.7,59.9,55.6,2.09,208
CELL_0555,2026-01-06 18:30:00,-83.2,17.5,59.7,164.1,1.72,123
CELL_0556,2026-01-06 18:45:00,-85.7,19.1,31.2,188.4,1.79,163
CELL_0557,2026-01-06 19:00:00,-77.7,25.2,53.2,40.3,0.49,75
CELL_0558,2026-01-06 19:15:00,-83.0,21.8,35.7,183.0,4.73,181
CELL_0559,2026-01-06 19:30:00,-87.3,6.7,17.3,174.9,2.1,179
CELL_0560,2026-01-06 19:45:00,-101.4,17.6,30.5,28.0,0.27,46
CELL_0561,2026-01-06 20:00:00,-96.4,5.8,11.6,137.7,2.65,221
CELL_0562,2026-01-06 20:15:00,-117.3,25.6,12.6,44.1,2.05,244
CELL_0563,2026-01-06 20:30:00,-112.8,25.9,14.9,20.8,1.66,100
CELL_0564,2026-01-06 20:45:00,-104.3,1.7,29.9,45.8,3.87,91
CELL_0565,2026-01-06 21:00:00,-95.5,22.9,9.8,124.8,3.17,216
CELL_0566,2026-01-06 21:15:00,-98.5,14.3,5.3,109.1,3.65,17
CELL_0567,2026-01-06 21:30:00,-75.4,22.7,34.2,8.5,0.02,137
CELL_0568,2026-01-06 21:45:00,-108.7,26.3,22.2,25.0,2.52,166
CELL_0569,2026-01-06 22:00:00,-111.6,24.7,21.4,61.7,3.64,278
CELL_0570,2026-01-06 22:15:00,-103.1,26.6,59.8,71.8,4.51,193
CELL_0571,2026-01-06 22:30:00,-82.5,4.9,54.9,163.3,0.1,124
CELL_0572,2026-01-06 22:45:00,-83.6,3.9,45.4,120.0,0.84,197
CELL_0573,2026-01-06 23:00:00,-84.4,23.8,25.6,129.9,3.86,34
CELL_0574,2026-01-06 23:15:00,-90.3,1.4,10.9,168.0,0.24,69
CELL_0575,2026-01-06 23:30:00,-99.2,11.4,35.1,97.5,0.77,14
CELL_0576,2026-01-06 23:45:00,-104.9,19.8,41.4,57.6,3.03,80
CELL_0577,2026-01-07 00:00:00,-99.1,27.0,33.1,125.5,1.41,64
CELL_0578,2026-01-07 00:15:00,-95.1,18.3,47.8,167.1,4.87,193
CELL_0579,2026-01-07 00:30:00,-84.8,8.9,7.2,101.8,1.04,256
CELL_0580,2026-01-07 00:45:00,-103.5,0.1,41.9,181.8,4.18,262
CELL_0581,2026-01-07 01:00:00,-112.5,2.7,33.1,146.1,0.51,141
CELL_0582,2026-01-07 01:15:00,-87.8,13.7,58.8,56.5,0.25,99
CELL_0583,2026-01-07 01:30:00,-76.3,25.6,24.8,137.0,2.13,69
CELL_0584,2026-01-07 01:45:00,-115.3,22.7,7.5,171.1,3.32,97
CELL_0585,2026-01-07 02:00:00,-103.6,26.8,57.5,57.3,3.67,200
CELL_0586,2026-01-07 02:15:00,-79.3,5.5,27.0,192.7,1.36,207
CELL_0587,2026-01-07 02:30:00,-85.5,14.3,28.2,177.8,0.83,77
CELL_0588,2026-01-07 02:45:00,-85.2,1.8,56.8,36.1,2.08,257
CELL_0589,2026-01-07 03:00:00,-79.9,20.4,15.0,79.1,1.79,24
CELL_0590,2026-01-07 03:15:00,-76.9,26.4,45.0,178.9,2.42,259
CELL_0591,2026-01-07 03:30:00,-114.4,12.3,7.5,56.0,1.57,278
CELL_0592,2026-01-07 03:45:00,-81.6,17.3,36.1,195.7,3.35,183
CELL_0593,2026-01-07 04:00:00,-94.0,20.6,39.0,89.4,3.63,256
CELL_0594,2026-01-07 04:15:00,-102.7,20.3,26.2,168.6,2.79,37
CELL_0595,2026-01-07 04:30:00,-119.4,28.0,32.8,96.5,2.48,94
CELL_0596,2026-01-07 04:45:00,-116.3,14.7,18.2,194.2,0.25,124
CELL_0597,2026-01-07 05:00:00,-92.5,11.4,49.9,20.4,2.22,239
CELL_0598,2026-01-07 05:15:00,-115.6,15.0,22.4,196.2,3.73,19
CELL_0599,2026-01-07 05:30:00,-114.9,12.4,35.6,5.0,0.45,165
CELL_0600,2026-01-07 05:45:00,-75.5,16.9,41.0,94.0,1.7,37
CELL_0601,2026-01-07 06:00:00,-79.2,25.3,23.3,154.6,3.0,196
CELL_0602,2026-01-07 06:15:00,-84.2,3.4,46.8,48.2,1.71,159
CELL_0603,2026-01-07 06:30:00,-92.6,11.2,10.8,179.9,2.46,219
CELL_0604,2026-01-07 06:45:00,-114.7,18.3,15.3,186.4,1.96,244
CELL_0605,2026-01-07 07:00:00,-78.8,5.7,23.6,152.6,0.23,73
CELL_0606,2026-01-07 07:15:00,-81.4,13.5,41.2,191.5,0.67,265
CELL_0607,2026-01-07 07:30:00,-119.8,22.1,35.4,89.4,2.93,270
CELL_0608,2026-01-07 07:45:00,-80.9,27.3,43.0,38.9,4.08,63
CELL_0609,2026-01-07 08:00:00,-100.6,18.0,53.5,103.3,1.92,137
CELL_0610,2026-01-07 08:15:00,-106.3,28.9,58.4,93.3,0.67,221
CELL_0611,2026-01-07 08:30:00,-89.9,26.6,33.2,169.4,2.74,170
CELL_0612,2026-01-07 08:45:00,-84.4,28.1,39.8,44.2,3.12,158
CELL_0613,2026-01-07 09:00:00,-85.7,27.6,12.3,143.5,4.88,101
CELL_0614,2026-01-07 09:15:00,-94.8,20.8,22.7,27.5,1.76,255
CELL_0615,2026-01-07 09:30:00,-90.9,28.3,44.1,136.5,4.47,283
CELL_0616,2026-01-07 09:45:00,-105.7,25.4,49.5,106.9,0.13,84
CELL_0617,2026-01-07 10:00:00,-117.3,1.7,19.7,158.2,4.92,138
CELL_0618,2026-01-07 10:15:00,-112.7,1.9,48.1,44.8,2.71,193
CELL_0619,2026-01-07 10:30:00,-79.3,3.1,52.7,149.2,4.32,297
CELL_0620,2026-01-07 10:45:00,-100.6,15.3,48.8,140.7,3.46,34
CELL_0621,2026-01-07 11:00:00,-73.7,11.6,57.6,195.3,1.56,292
CELL_0622,2026-01-07 11:15:00,-117.3,22.3,16.2,174.4,4.3,236
CELL_0623,2026-01-07 11:30:00,-78.5,27.3,43.8,131.3,3.78,289
CELL_0624,2026-01-07 11:45:00,-83.1,5.9,44.9,42.7,2.24,48
CELL_0625,2026-01-07 12:00:00,-110.7,5.2,33.3,78.6,2.14,294
CELL_0626,2026-01-07 12:15:00,-106.8,4.8,51.5,6.1,2.33,89
CELL_0627,2026-01-07 12:30:00,-118.0,27.9,37.8,155.9,3.13,164
CELL_0628,2026-01-07 12:45:00,-95.5,17.2,24.7,157.9,1.59,122
CELL_0629,2026-01-07 13:00:00,-72.2,15.6,48.2,36.1,2.72,216
CELL_0630,2026-01-07 13:15:00,-115.4,6.6,16.7,69.7,1.8,121
CELL_0631,2026-01-07 13:30:00,-72.5,18.5,31.1,114.5,3.76,14
CELL_0632,2026-01-07 13:45:00,-114.3,10.4,18.2,130.2,4.59,134
CELL_0633,2026-01-07 14:00:00,-72.1,20.5,22.7,183.6,4.72,207
CELL_0634,2026-01-07 14:15:00,-107.2,21.7,6.4,105.8,3.85,273
CELL_0635,2026-01-07 14:30:00,-79.9,13.4,7.4,180.2,0.96,273
CELL_0636,2026-01-07 14:45:00,-115.9,2.9,58.4,155.8,2.67,43
CELL_0637,2026-01-07 15:00:00,-109.5,18.9,16.7,138.7,4.18,115
CELL_0638,2026-01-07 15:15:00,-93.1,21.1,58.7,156.2,3.23,46
CELL_0639,2026-01-07 15:30:00,-82.7,4.6,30.3,69.7,0.44,37
CELL_0640,2026-01-07 15:45:00,-111.1,7.6,8.9,165.2,4.55,218
CELL_0641,2026-01-07 16:00:00,-100.6,18.9,28.8,8.3,3.37,283
CELL_0642,2026-01-07 16:15:00,-119.7,21.6,8.5,150.5,0.23,47
CELL_0643,2026-01-07 16:30:00,-102.1,15.1,20.9,138.7,3.03,154
CELL_0644,2026-01-07 16:45:00,-81.7,13.1,26.7,133.8,2.37,283
CELL_0645,2026-01-07 17:00:00,-109.0,22.4,48.8,170.6,1.47,83
CELL_0646,2026-01-07 17:15:00,-105.1,26.6,58.1,174.1,3.24,15
CELL_0647,2026-01-07 17:30:00,-92.3,16.7,11.8,6.0,2.98,285
CELL_0648,2026-01-07 17:45:00,-92.6,2.6,16.6,149.6,3.63,118
CELL_0649,2026-01-07 18:00:00,-99.4,19.4,33.2,36.4,1.1,139
CELL_0650,2026-01-07 18:15:00,-110.3,5.4,49.0,171.2,4.26,291
CELL_0651,2026-01-07 18:30:00,-96.9,16.5,21.0,18.1,0.49,259
CELL_0652,2026-01-07 18:45:00,-72.4,10.7,41.9,50.7,1.43,45
CELL_0653,2026-01-07 19:00:00,-75.0,9.5,29.8,125.2,1.53,88
CELL_0654,2026-01-07 19:15:00,-91.7,10.9,22.4,88.5,0.02,136
CELL_0655,2026-01-07 19:30:00,-80.7,21.4,40.2,59.0,1.8,179
CELL_0656,2026-01-07 19:45:00,-76.1,13.9,24.7,64.6,2.76,99
CELL_0657,2026-01-07 20:00:00,-87.7,2.5,20.4,166.2,4.46,110
CELL_0658,2026-01-07 20:15:00,-106.8,26.6,9.2,19.7,0.09,269
CELL_0659,2026-01-07 20:30:00,-88.4,24.4,36.8,155.0,1.06,28
CELL_0660,2026-01-07 20:45:00,-92.4,16.3,59.9,97.1,3.88,197
CELL_0661,2026-01-07 21:00:00,-100.4,26.7,37.4,172.1,0.67,266
CELL_0662,2026-01-07 21:15:00,-94.5,11.9,32.6,134.2,4.24,94
CELL_0663,2026-01-07 21:30:00,-82.1,4.2,13.8,115.4,2.83,84
CELL_0664,2026-01-07 21:45:00,-83.2,14.5,24.7,47.7,2.44,42
CELL_0665,2026-01-07 22:00:00,-106.8,7.0,41.8,106.0,3.96,208
CELL_0666,2026-01-07 22:15:00,-96.5,13.6,7.6,196.2,1.62,276
CELL_0667,2026-01-07 22:30:00,-88.3,8.2,45.8,117.8,2.85,202
CELL_0668,2026-01-07 22:45:00,-87.3,11.0,40.9,167.9,2.58,202
CELL_0669,2026-01-07 23:00:00,-71.4,6.7,27.3,164.4,1.73,256
CELL_0670,2026-01-07 23:15:00,-75.6,0.2,53.5,90.8,1.15,273
CELL_0671,2026-01-07 23:30:00,-87.8,6.3,15.3,75.6,3.59,70
CELL_0672,2026-01-07 23:45:00,-86.9,12.4,23.2,27.1,3.38,255
CELL_0673,2026-01-08 00:00:00,-109.5,4.8,50.8,9.4,0.22,92
CELL_0674,2026-01-08 00:15:00,-113.3,15.4,54.0,33.6,0.83,102
CELL_0675,2026-01-08 00:30:00,-94.2,12.2,58.3,129.3,4.39,155
CELL_0676,2026-01-08 00:45:00,-72.6,6.5,38.4,96.9,2.41,122
CELL_0677,2026-01-08 01:00:00,-78.5,18.0,48.7,165.0,0.91,271
CELL_0678,2026-01-08 01:15:00,-106.8,21.7,23.8,93.4,2.95,127
CELL_0679,2026-01-08 01:30:00,-101.1,4.0,5.9,106.9,4.55,224
CELL_0680,2026-01-08 01:45:00,-78.7,18.2,14.8,180.8,3.0,282
CELL_0681,2026-01-08 02:00:00,-94.8,3.5,31.5,30.4,3.02,10
CELL_0682,2026-01-08 02:15:00,-75.2,23.2,40.7,106.8,1.85,32
CELL_0683,2026-01-08 02:30:00,-85.1,12.9,56.6,99.0,3.84,189
CELL_0684,2026-01-08 02:45:00,-90.5,22.2,46.9,140.9,0.49,78
CELL_0685,2026-01-08 03:00:00,-107.3,23.0,55.1,21.3,2.99,288
CELL_0686,2026-01-08 03:15:00,-99.6,5.7,44.0,158.9,2.89,70
CELL_0687,2026-01-08 03:30:00,-94.0,11.3,16.3,161.8,2.04,64
CELL_0688,2026-01-08 03:45:00,-112.3,19.5,18.9,171.7,2.12,197
CELL_0689,2026-01-08 04:00:00,-89.4,29.8,26.9,44.7,2.76,295
CELL_0690,2026-01-08 04:15:00,-95.9,11.1,35.5,54.5,1.53,186
CELL_0691,2026-01-08 04:30:00,-81.3,11.9,12.6,173.4,0.6,127
CELL_0692,2026-01-08 04:45:00,-97.7,21.0,13.9,46.8,2.0,183
CELL_0693,2026-01-08 05:00:00,-80.0,18.4,42.7,15.2,1.95,12
CELL_0694,2026-01-08 05:15:00,-79.8,24.7,30.9,122.0,0.44,144
CELL_0695,2026-01-08 05:30:00,-108.9,2.4,7.1,79.9,4.92,276
CELL_0696,2026-01-08 05:45:00,-105.7,28.9,8.2,155.9,0.88,263
CELL_0697,2026-01-08 06:00:00,-98.1,6.1,41.1,161.8,1.43,27
CELL_0698,2026-01-08 06:15:00,-80.8,15.3,43.4,125.0,3.37,194
CELL_0699,2026-01-08 06:30:00,-108.0,0.0,13.7,199.4,3.9,190
CELL_0700,2026-01-08 06:45:00,-86.5,12.2,16.0,8.0,3.52,56
CELL_0701,2026-01-08 07:00:00,-92.5,21.8,35.8,118.7,1.74,151
CELL_0702,2026-01-08 07:15:00,-108.7,28.9,30.0,83.8,0.02,99
CELL_0703,2026-01-08 07:30:00,-99.6,3.2,9.0,62.4,4.74,272
CELL_0704,2026-01-08 07:45:00,-72.2,26.3,49.7,117.1,3.47,203
CELL_0705,2026-01-08 08:00:00,-91.8,23.1,46.7,192.4,2.29,245
CELL_0706,2026-01-08 08:15:00,-75.2,25.9,31.5,55.3,1.91,122
CELL_0707,2026-01-08 08:30:00,-86.2,6.9,22.4,191.3,2.58,14
CELL_0708,2026-01-08 08:45:00,-85.0,7.9,20.8,82.8,3.74,185
CELL_0709,2026-01-08 09:00:00,-116.2,27.9,31.2,73.9,4.47,147
CELL_0710,2026-01-08 09:15:00,-110.9,22.4,56.2,42.1,3.69,130
CELL_0711,2026-01-08 09:30:00,-83.2,26.2,16.4,44.5,1.25,192
CELL_0712,2026-01-08 09:45:00,-112.2,3.2,55.6,136.8,3.32,13
CELL_0713,2026-01-08 10:00:00,-81.8,16.2,7.3,99.0,3.1,262
CELL_0714,2026-01-08 10:15:00,-75.1,26.4,36.6,58.6,0.91,271
CELL_0715,2026-01-08 10:30:00,-106.0,6.7,36.7,15.6,4.0,254
CELL_0716,2026-01-08 10:45:00,-73.0,1.0,24.1,172.8,3.88,244
CELL_0717,2026-01-08 11:00:00,-71.2,20.9,30.3,139.4,0.06,117
CELL_0718,2026-01-08 11:15:00,-101.0,3.0,24.9,173.1,0.94,144
CELL_0719,2026-01-08 11:30:00,-108.1,14.1,38.7,76.4,2.49,117
CELL_0720,2026-01-08 11:45:00,-99.0,22.6,25.1,83.1,2.25,77
CELL_0721,2026-01-08 12:00:00,-71.0,20.6,49.8,145.6,4.02,294
CELL_0722,2026-01-08 12:15:00,-98.4,11.4,13.0,192.0,0.75,14
CELL_0723,2026-01-08 12:30:00,-111.2,15.0,59.8,170.6,2.59,171
CELL_0724,2026-01-08 12:45:00,-80.7,9.0,35.9,115.7,1.99,93
CELL_0725,2026-01-08 13:00:00,-117.0,24.4,31.2,127.8,2.25,181
CELL_0726,2026-01-08 13:15:00,-107.0,10.8,35.7,163.0,1.72,220
CELL_0727,2026-01-08 13:30:00,-113.9,26.0,58.0,43.8,2.88,285
CELL_0728,2026-01-08 13:45:00,-111.3,23.4,24.5,136.3,2.44,238
CELL_0729,2026-01-08 14:00:00,-75.5,11.4,20.8,128.2,0.72,95
CELL_0730,2026-01-08 14:15:00,-88.0,27.9,28.2,124.4,2.02,46
CELL_0731,2026-01-08 14:30:00,-116.0,10.3,22.2,132.3,3.55,212
CELL_0732,2026-01-08 14:45:00,-106.4,13.3,52.5,75.8,2.93,240
CELL_0733,2026-01-08 15:00:00,-99.3,5.5,6.3,146.9,3.31,50
CELL_0734,2026-01-08 15:15:00,-109.5,11.9,10.3,187.7,2.37,37
CELL_0735,2026-01-08 15:30:00,-118.7,11.9,47.1,21.2,1.31,89
CELL_0736,2026-01-08 15:45:00,-115.8,27.9,26.4,49.7,3.69,236
CELL_0737,2026-01-08 16:00:00,-88.7,3.9,51.1,10.6,3.32,176
CELL_0738,2026-01-08 16:15:00,-76.8,14.0,52.9,187.3,2.74,79
CELL_0739,2026-01-08 16:30:00,-71.5,20.9,14.7,121.5,3.16,298
CELL_0740,2026-01-08 16:45:00,-98.3,19.2,34.4,182.2,2.41,126
CELL_0741,2026-01-08 17:00:00,-79.8,13.3,25.1,55.7,1.52,10
CELL_0742,2026-01-08 17:15:00,-93.8,22.7,12.5,60.9,2.68,261
CELL_0743,2026-01-08 17:30:00,-72.7,14.3,5.5,88.9,1.46,128
CELL_0744,2026-01-08 17:45:00,-80.2,16.4,15.4,177.0,2.19,137
CELL_0745,2026-01-08 18:00:00,-111.8,22.1,26.4,78.8,1.31,226
CELL_0746,2026-01-08 18:15:00,-88.7,15.5,49.0,124.6,3.47,149
CELL_0747,2026-01-08 18:30:00,-105.8,22.3,49.5,85.5,4.27,103
CELL_0748,2026-01-08 18:45:00,-113.2,3.3,30.0,93.3,3.5,261
CELL_0749,2026-01-08 19:00:00,-110.6,0.6,7.7,109.3,0.93,62
CELL_0750,2026-01-08 19:15:00,-105.9,3.8,29.1,6.6,0.45,17
CELL_0751,2026-01-08 19:30:00,-95.3,10.3,22.1,160.9,4.99,247
CELL_0752,2026-01-08 19:45:00,-85.2,1.0,9.4,151.4,0.73,146
CELL_0753,2026-01-08 20:00:00,-81.2,2.1,30.9,42.5,4.21,205
CELL_0754,2026-01-08 20:15:00,-78.6,3.7,47.2,53.5,3.86,236
CELL_0755,2026-01-08 20:30:00,-107.6,29.8,16.0,148.4,0.47,116
CELL_0756,2026-01-08 20:45:00,-96.4,20.4,22.2,68.0,3.15,31
CELL_0757,2026-01-08 21:00:00,-82.8,16.5,11.7,98.8,1.49,194
CELL_0758,2026-01-08 21:15:00,-75.6,25.9,17.0,27.0,3.16,176
CELL_0759,2026-01-08 21:30:00,-119.2,23.8,37.2,82.2,1.22,31
CELL_0760,2026-01-08 21:45:00,-90.9,20.7,42.9,35.2,3.85,137
CELL_0761,2026-01-08 22:00:00,-112.1,2.7,39.0,186.5,4.98,40
CELL_0762,2026-01-08 22:15:00,-117.0,19.3,43.6,159.3,0.63,129
CELL_0763,2026-01-08 22:30:00,-104.2,16.8,40.5,72.7,4.46,108
CELL_0764,2026-01-08 22:45:00,-118.9,11.3,44.8,53.9,0.2,234
CELL_0765,2026-01-08 23:00:00,-92.0,16.3,32.0,115.5,2.72,175
CELL_0766,2026-01-08 23:15:00,-83.4,8.3,50.7,183.3,2.77,45
CELL_0767,2026-01-08 23:30:00,-93.4,13.5,50.1,110.6,2.27,269
CELL_0768,2026-01-08 23:45:00,-101.0,5.6,6.0,172.1,3.88,132
CELL_0769,2026-01-09 00:00:00,-104.0,1.9,58.2,164.7,0.95,264
CELL_0770,2026-01-09 00:15:00,-81.7,4.6,20.6,84.9,1.61,59
CELL_0771,2026-01-09 00:30:00,-93.8,2.0,50.9,30.3,4.37,113
CELL_0772,2026-01-09 00:45:00,-114.6,5.7,6.7,130.1,1.94,260
CELL_0773,2026-01-09 01:00:00,-93.7,21.0,19.1,76.4,3.03,46
CELL_0774,2026-01-09 01:15:00,-119.3,27.6,41.1,186.0,4.16,249
CELL_0775,2026-01-09 01:30:00,-79.9,1.8,35.7,188.0,2.08,198
CELL_0776,2026-01-09 01:45:00,-80.3,1.7,38.9,108.2,3.67,165
CELL_0777,2026-01-09 02:00:00,-116.1,6.5,33.6,24.7,1.16,207
CELL_0778,2026-01-09 02:15:00,-110.5,15.8,18.7,126.9,0.89,295
CELL_0779,2026-01-09 02:30:00,-99.2,3.2,40.1,74.8,2.29,228
CELL_0780,2026-01-09 02:45:00,-75.9,5.0,14.9,83.3,1.69,90
CELL_0781,2026-01-09 03:00:00,-93.3,18.0,56.3,181.0,2.75,176
CELL_0782,2026-01-09 03:15:00,-77.8,12.4,39.8,166.1,1.62,133
CELL_0783,2026-01-09 03:30:00,-91.8,6.4,47.1,185.6,1.27,241
CELL_0784,2026-01-09 03:45:00,-97.6,11.9,44.9,196.7,2.98,275
CELL_0785,2026-01-09 04:00:00,-113.2,26.7,5.4,197.0,1.07,171
CELL_0786,2026-01-09 04:15:00,-118.9,24.7,42.9,58.8,2.77,294
CELL_0787,2026-01-09 04:30:00,-91.5,17.1,10.2,94.8,0.78,145
CELL_0788,2026-01-09 04:45:00,-101.6,17.5,17.8,163.2,0.46,214
CELL_0789,2026-01-09 05:00:00,-91.5,6.5,9.2,68.3,2.41,259
CELL_0790,2026-01-09 05:15:00,-78.7,20.7,36.7,182.0,2.98,163
CELL_0791,2026-01-09 05:30:00,-118.1,24.3,26.0,157.1,4.61,181
CELL_0792,2026-01-09 05:45:00,-102.6,24.5,27.9,174.2,4.35,126
CELL_0793,2026-01-09 06:00:00,-82.6,25.5,56.1,128.6,3.16,37
CELL_0794,2026-01-09 06:15:00,-104.8,1.2,34.7,34.2,2.51,123
CELL_0795,2026-01-09 06:30:00,-112.3,20.2,59.9,194.4,3.76,268
CELL_0796,2026-01-09 06:45:00,-115.5,13.0,48.3,33.9,1.68,253
CELL_0797,2026-01-09 07:00:00,-91.4,1.5,27.0,21.6,2.51,76
CELL_0798,2026-01-09 07:15:00,-81.9,14.4,15.9,82.1,2.86,297
CELL_0799,2026-01-09 07:30:00,-89.2,22.1,18.5,19.0,3.88,175
CELL_0800,2026-01-09 07:45:00,-85.8,17.3,11.2,85.6,1.83,107
CELL_0801,2026-01-09 08:00:00,-104.0,17.8,6.3,64.4,4.94,236
CELL_0802,2026-01-09 08:15:00,-88.8,13.2,55.8,50.5,3.43,89
CELL_0803,2026-01-09 08:30:00,-82.1,25.6,11.2,15.6,4.74,85
CELL_0804,2026-01-09 08:45:00,-76.6,24.6,5.8,140.3,0.56,240
CELL_0805,2026-01-09 09:00:00,-96.4,10.0,45.7,46.3,2.73,142
CELL_0806,2026-01-09 09:15:00,-92.6,18.7,59.6,140.5,3.34,202
CELL_0807,2026-01-09 09:30:00,-90.8,19.9,7.4,38.2,1.42,148
CELL_0808,2026-01-09 09:45:00,-117.3,19.6,5.5,80.8,1.36,194
CELL_0809,2026-01-09 10:00:00,-76.8,0.6,52.7,131.6,1.16,204
CELL_0810,2026-01-09 10:15:00,-94.6,21.3,54.7,99.5,2.99,55
CELL_0811,2026-01-09 10:30:00,-110.7,15.0,30.2,185.6,0.11,136
CELL_0812,2026-01-09 10:45:00,-73.9,9.1,31.9,150.2,0.09,190
CELL_0813,2026-01-09 11:00:00,-102.2,9.1,59.8,195.8,1.38,41
CELL_0814,2026-01-09 11:15:00,-88.7,26.4,54.0,163.9,0.15,294
CELL_0815,2026-01-09 11:30:00,-72.5,6.8,23.8,81.6,0.69,205
CELL_0816,2026-01-09 11:45:00,-94.0,20.3,53.0,138.9,2.09,88
CELL_0817,2026-01-09 12:00:00,-98.7,9.4,38.3,92.6,0.66,80
CELL_0818,2026-01-09 12:15:00,-90.9,20.5,16.1,31.9,3.44,278
CELL_0819,2026-01-09 12:30:00,-74.5,12.9,55.0,155.2,3.28,299
CELL_0820,2026-01-09 12:45:00,-74.1,9.5,35.7,190.0,0.59,172
CELL_0821,2026-01-09 13:00:00,-78.0,4.4,6.6,67.1,4.86,220
CELL_0822,2026-01-09 13:15:00,-104.8,22.4,50.2,129.2,3.69,87
CELL_0823,2026-01-09 13:30:00,-81.0,3.2,15.2,153.7,3.06,146
CELL_0824,2026-01-09 13:45:00,-89.7,18.4,37.8,50.0,0.13,50
CELL_0825,2026-01-09 14:00:00,-85.6,14.3,32.6,122.9,3.56,201
CELL_0826,2026-01-09 14:15:00,-110.8,11.6,31.1,36.9,1.13,219
CELL_0827,2026-01-09 14:30:00,-81.8,0.5,19.8,85.5,3.71,113
CELL_0828,2026-01-09 14:45:00,-82.1,2.0,56.0,197.2,4.34,260
CELL_0829,2026-01-09 15:00:00,-85.6,26.0,53.8,88.4,3.88,204
CELL_0830,2026-01-09 15:15:00,-84.0,11.8,56.7,116.5,2.68,29
CELL_0831,2026-01-09 15:30:00,-94.0,13.5,50.5,13.3,4.98,275
CELL_0832,2026-01-09 15:45:00,-93.1,29.5,7.2,80.5,3.83,35
CELL_0833,2026-01-09 16:00:00,-110.5,13.2,53.6,155.9,1.43,95
CELL_0834,2026-01-09 16:15:00,-98.9,18.4,8.0,105.8,0.71,241
CELL_0835,2026-01-09 16:30:00,-115.5,15.0,14.9,119.2,4.47,289
CELL_0836,2026-01-09 16:45:00,-113.2,12.4,29.8,39.9,2.95,113
CELL_0837,2026-01-09 17:00:00,-75.9,2.7,22.8,131.5,3.56,93
CELL_0838,2026-01-09 17:15:00,-84.1,3.7,11.3,92.6,1.81,278
CELL_0839,2026-01-09 17:30:00,-84.6,21.8,58.6,124.4,0.8,291
CELL_0840,2026-01-09 17:45:00,-101.0,23.0,55.2,115.3,3.3,86
CELL_0841,2026-01-09 18:00:00,-111.9,4.3,47.3,15.0,1.54,238
CELL_0842,2026-01-09 18:15:00,-105.6,5.4,54.4,192.3,0.02,139
CELL_0843,2026-01-09 18:30:00,-119.4,14.9,32.4,162.5,3.04,262
CELL_0844,2026-01-09 18:45:00,-108.1,17.7,31.2,85.0,0.4,13
CELL_0845,2026-01-09 19:00:00,-107.8,16.4,39.1,113.7,4.13,35
CELL_0846,2026-01-09 19:15:00,-110.8,1.7,24.2,33.3,0.16,162
CELL_0847,2026-01-09 19:30:00,-103.4,2.6,11.0,198.8,0.81,155
CELL_0848,2026-01-09 19:45:00,-89.4,20.7,37.7,158.5,0.89,243
CELL_0849,2026-01-09 20:00:00,-82.5,10.8,7.0,154.9,1.61,204
CELL_0850,2026-01-09 20:15:00,-79.0,22.8,51.4,17.7,2.35,72
CELL_0851,2026-01-09 20:30:00,-85.3,8.2,34.0,107.3,3.48,39
CELL_0852,2026-01-09 20:45:00,-114.5,21.9,39.6,197.5,2.42,157
CELL_0853,2026-01-09 21:00:00,-98.6,25.4,19.3,117.2,3.12,76
CELL_0854,2026-01-09 21:15:00,-89.3,14.9,45.1,102.1,4.04,129
CELL_0855,2026-01-09 21:30:00,-84.6,29.4,5.1,9.7,3.13,70
CELL_0856,2026-01-09 21:45:00,-83.1,6.2,38.8,85.9,0.23,189
CELL_0857,2026-01-09 22:00:00,-92.0,19.1,5.6,44.2,1.41,44
CELL_0858,2026-01-09 22:15:00,-104.6,15.2,22.8,6.2,3.43,184
CELL_0859,2026-01-09 22:30:00,-100.2,17.1,57.8,167.2,0.97,183
CELL_0860,2026-01-09 22:45:00,-73.9,14.4,31.1,11.9,0.68,89
CELL_0861,2026-01-09 23:00:00,-88.6,26.8,34.5,70.3,3.92,221
CELL_0862,2026-01-09 23:15:00,-73.6,1.7,33.7,115.2,3.39,294
CELL_0863,2026-01-09 23:30:00,-93.2,6.2,42.7,160.9,4.44,191
CELL_0864,2026-01-09 23:45:00,-116.7,4.5,51.2,71.1,1.88,283
CELL_0865,2026-01-10 00:00:00,-77.9,17.1,26.4,121.1,4.32,167
CELL_0866,2026-01-10 00:15:00,-84.7,9.4,6.7,85.7,2.49,131
CELL_0867,2026-01-10 00:30:00,-101.4,24.9,21.6,107.4,0.88,201
CELL_0868,2026-01-10 00:45:00,-80.8,23.3,55.2,91.5,0.12,257
CELL_0869,2026-01-10 01:00:00,-74.8,4.6,23.7,99.3,4.37,168
CELL_0870,2026-01-10 01:15:00,-81.2,4.3,52.9,165.3,4.69,77
CELL_0871,2026-01-10 01:30:00,-109.7,1.1,26.3,173.6,0.58,169
CELL_0872,2026-01-10 01:45:00,-73.4,20.6,37.7,22.0,2.33,33
CELL_0873,2026-01-10 02:00:00,-114.8,23.0,46.0,9.4,3.79,117
CELL_0874,2026-01-10 02:15:00,-104.0,5.8,20.2,67.2,2.21,70
CELL_0875,2026-01-10 02:30:00,-106.4,4.7,11.3,191.9,2.8,62
CELL_0876,2026-01-10 02:45:00,-109.7,10.5,22.5,32.6,3.52,155
CELL_0877,2026-01-10 03:00:00,-91.3,5.1,22.1,179.0,2.7,35
CELL_0878,2026-01-10 03:15:00,-113.5,14.1,42.2,25.7,0.27,228
CELL_0879,2026-01-10 03:30:00,-100.4,21.1,54.0,127.7,3.45,238
CELL_0880,2026-01-10 03:45:00,-89.2,9.4,50.0,144.0,3.35,283
CELL_0881,2026-01-10 04:00:00,-116.1,27.7,47.0,115.7,0.46,249
CELL_0882,2026-01-10 04:15:00,-115.1,9.3,40.4,154.5,2.35,124
CELL_0883,2026-01-10 04:30:00,-112.8,26.9,19.2,75.9,0.92,179
CELL_0884,2026-01-10 04:45:00,-80.6,26.5,29.9,10.9,2.38,189
CELL_0885,2026-01-10 05:00:00,-96.1,25.4,20.5,73.0,2.87,270
CELL_0886,2026-01-10 05:15:00,-114.9,24.5,48.8,68.5,3.25,164
CELL_0887,2026-01-10 05:30:00,-93.4,12.0,27.7,126.1,2.74,256
CELL_0888,2026-01-10 05:45:00,-100.8,10.2,49.8,120.2,3.92,232
CELL_0889,2026-01-10 06:00:00,-91.6,10.3,43.2,38.8,3.35,259
CELL_0890,2026-01-10 06:15:00,-114.3,17.9,22.9,24.0,2.23,167
CELL_0891,2026-01-10 06:30:00,-72.2,2.1,11.0,163.7,3.86,204
CELL_0892,2026-01-10 06:45:00,-103.6,19.3,8.4,47.4,0.69,10
CELL_0893,2026-01-10 07:00:00,-82.1,19.8,29.9,61.8,3.08,238
CELL_0894,2026-01-10 07:15:00,-110.2,20.4,22.4,116.2,4.57,165
CELL_0895,2026-01-10 07:30:00,-74.1,28.1,44.5,183.4,4.95,14
CELL_0896,2026-01-10 07:45:00,-89.4,15.3,51.6,171.2,0.31,291
CELL_0897,2026-01-10 08:00:00,-71.6,0.0,35.8,195.8,0.55,154
CELL_0898,2026-01-10 08:15:00,-76.7,7.1,43.6,81.9,1.59,205
CELL_0899,2026-01-10 08:30:00,-99.7,13.1,16.6,38.8,0.7,294
CELL_0900,2026-01-10 08:45:00,-100.8,27.7,51.2,35.1,4.99,74
CELL_0901,2026-01-10 09:00:00,-113.3,2.2,5.9,145.7,2.43,233
CELL_0902,2026-01-10 09:15:00,-71.3,4.1,12.5,162.2,4.3,227
CELL_0903,2026-01-10 09:30:00,-88.8,13.6,28.3,164.9,1.92,125
CELL_0904,2026-01-10 09:45:00,-110.7,18.1,36.8,170.1,1.18,266
CELL_0905,2026-01-10 10:00:00,-106.5,27.8,36.7,11.5,0.19,257
CELL_0906,2026-01-10 10:15:00,-84.8,3.4,31.5,139.6,0.71,279
CELL_0907,2026-01-10 10:30:00,-70.8,29.5,47.8,95.7,0.39,55
CELL_0908,2026-01-10 10:45:00,-107.7,18.9,41.5,135.4,3.42,286
CELL_0909,2026-01-10 11:00:00,-80.1,9.4,7.9,72.0,3.89,250
CELL_0910,2026-01-10 11:15:00,-97.3,27.2,36.6,69.6,1.76,160
CELL_0911,2026-01-10 11:30:00,-105.5,1.1,55.8,151.1,3.63,298
CELL_0912,2026-01-10 11:45:00,-107.0,18.9,36.8,116.7,3.28,159
CELL_0913,2026-01-10 12:00:00,-79.6,18.7,20.8,21.1,2.53,152
CELL_0914,2026-01-10 12:15:00,-107.4,18.5,20.1,55.1,3.71,99
CELL_0915,2026-01-10 12:30:00,-74.5,22.2,41.3,77.1,0.88,130
CELL_0916,2026-01-10 12:45:00,-95.8,24.0,52.4,71.9,0.42,84
CELL_0917,2026-01-10 13:00:00,-90.2,24.7,51.1,151.8,2.06,206
CELL_0918,2026-01-10 13:15:00,-108.1,13.2,40.1,46.1,3.67,186
CELL_0919,2026-01-10 13:30:00,-117.3,7.9,50.1,15.2,2.32,253
CELL_0920,2026-01-10 13:45:00,-104.9,22.4,46.4,108.8,1.9,209
CELL_0921,2026-01-10 14:00:00,-96.3,4.4,52.9,7.3,4.64,239
CELL_0922,2026-01-10 14:15:00,-100.9,9.5,34.2,191.4,0.49,282
CELL_0923,2026-01-10 14:30:00,-88.1,28.7,28.7,184.0,4.29,181
CELL_0924,2026-01-10 14:45:00,-106.5,24.1,19.0,118.9,2.31,133
CELL_0925,2026-01-10 15:00:00,-83.3,17.7,15.7,70.8,3.45,102
CELL_0926,2026-01-10 15:15:00,-104.3,0.3,5.5,18.3,2.06,278
CELL_0927,2026-01-10 15:30:00,-114.8,13.4,17.1,60.2,0.97,22
CELL_0928,2026-01-10 15:45:00,-89.0,1.7,37.7,179.3,1.08,72
CELL_0929,2026-01-10 16:00:00,-84.6,3.6,52.1,30.3,3.28,299
CELL_0930,2026-01-10 16:15:00,-79.8,5.5,11.1,40.9,1.47,48
CELL_0931,2026-01-10 16:30:00,-88.1,27.7,20.2,88.3,4.52,175
CELL_0932,2026-01-10 16:45:00,-107.1,23.4,20.3,17.2,1.94,40
CELL_0933,2026-01-10 17:00:00,-107.1,24.4,14.8,18.5,4.9,112
CELL_0934,2026-01-10 17:15:00,-89.5,5.4,32.1,33.1,3.84,121
CELL_0935,2026-01-10 17:30:00,-89.3,3.2,29.3,55.5,0.17,46
CELL_0936,2026-01-10 17:45:00,-91.4,7.5,29.5,179.8,0.74,10
CELL_0937,2026-01-10 18:00:00,-73.4,19.9,19.7,141.5,4.52,11
CELL_0938,2026-01-10 18:15:00,-94.2,28.2,32.0,90.0,4.22,45
CELL_0939,2026-01-10 18:30:00,-93.0,0.1,57.5,164.5,2.41,300
CELL_0940,2026-01-10 18:45:00,-93.2,29.7,23.3,64.1,0.28,56
CELL_0941,2026-01-10 19:00:00,-101.7,25.6,23.7,169.0,3.8,158
CELL_0942,2026-01-10 19:15:00,-87.6,5.3,7.2,79.9,0.96,209
CELL_0943,2026-01-10 19:30:00,-75.2,18.9,24.8,21.5,3.16,107
CELL_0944,2026-01-10 19:45:00,-113.0,5.8,44.6,120.6,2.45,42
CELL_0945,2026-01-10 20:00:00,-80.4,19.3,32.5,193.2,4.06,18
CELL_0946,2026-01-10 20:15:00,-118.1,1.7,48.3,13.3,0.59,277
CELL_0947,2026-01-10 20:30:00,-97.1,20.3,53.1,34.0,2.9,46
CELL_0948,2026-01-10 20:45:00,-118.2,4.2,41.0,96.9,4.59,33
CELL_0949,2026-01-10 21:00:00,-107.9,19.5,5.8,128.4,4.52,59
CELL_0950,2026-01-10 21:15:00,-97.2,5.1,37.5,164.5,0.53,264
CELL_0951,2026-01-10 21:30:00,-90.3,18.5,8.5,44.5,1.69,215
CELL_0952,2026-01-10 21:45:00,-103.8,29.3,36.7,31.8,4.18,119
CELL_0953,2026-01-10 22:00:00,-81.8,17.8,23.5,28.5,0.71,222
CELL_0954,2026-01-10 22:15:00,-111.6,11.1,14.1,52.5,2.91,78
CELL_0955,2026-01-10 22:30:00,-115.0,25.4,38.7,156.6,0.08,259
CELL_0956,2026-01-10 22:45:00,-116.0,0.2,55.9,142.8,2.97,155
CELL_0957,2026-01-10 23:00:00,-99.2,24.2,47.5,140.0,1.03,148
CELL_0958,2026-01-10 23:15:00,-93.8,12.4,56.6,124.1,0.19,102
CELL_0959,2026-01-10 23:30:00,-84.1,18.4,9.8,166.2,1.51,224
CELL_0960,2026-01-10 23:45:00,-119.8,7.1,11.5,108.4,0.48,195
CELL_0961,2026-01-11 00:00:00,-76.9,29.6,32.9,95.5,3.13,116
CELL_0962,2026-01-11 00:15:00,-106.2,5.8,48.8,138.6,4.84,252
CELL_0963,2026-01-11 00:30:00,-95.1,4.8,55.7,15.5,1.82,117
CELL_0964,2026-01-11 00:45:00,-98.3,10.0,49.3,152.9,0.22,36
CELL_0965,2026-01-11 01:00:00,-73.8,5.3,48.2,99.6,0.58,130
CELL_0966,2026-01-11 01:15:00,-83.9,17.8,22.9,43.8,3.38,176
CELL_0967,2026-01-11 01:30:00,-108.5,3.3,17.5,51.2,2.06,112
CELL_0968,2026-01-11 01:45:00,-101.2,6.6,30.9,99.5,4.45,84
CELL_0969,2026-01-11 02:00:00,-109.2,18.3,14.8,77.8,2.29,109
CELL_0970,2026-01-11 02:15:00,-88.4,29.3,16.1,29.8,3.46,40
CELL_0971,2026-01-11 02:30:00,-106.0,3.3,30.6,86.6,3.8,122
CELL_0972,2026-01-11 02:45:00,-75.7,18.1,48.4,129.4,3.06,97
CELL_0973,2026-01-11 03:00:00,-91.1,16.6,17.6,85.3,2.61,120
CELL_0974,2026-01-11 03:15:00,-90.4,25.1,20.4,147.4,3.68,136
CELL_0975,2026-01-11 03:30:00,-107.6,13.0,17.2,185.9,4.73,12
CELL_0976,2026-01-11 03:45:00,-99.1,1.3,59.5,148.0,2.52,227
CELL_0977,2026-01-11 04:00:00,-93.4,14.4,48.9,165.2,2.26,133
CELL_0978,2026-01-11 04:15:00,-115.8,22.6,43.1,84.3,1.09,193
CELL_0979,2026-01-11 04:30:00,-105.2,19.4,10.0,98.6,1.52,245
CELL_0980,2026-01-11 04:45:00,-77.1,22.4,6.3,93.7,3.86,217
CELL_0981,2026-01-11 05:00:00,-110.8,26.1,39.5,142.3,0.01,46
CELL_0982,2026-01-11 05:15:00,-100.8,20.7,34.2,62.8,3.76,287
CELL_0983,2026-01-11 05:30:00,-91.2,6.2,42.7,126.0,1.68,38
CELL_0984,2026-01-11 05:45:00,-94.3,27.3,25.0,15.1,1.91,248
CELL_0985,2026-01-11 06:00:00,-89.0,11.0,14.6,114.0,0.34,114
CELL_0986,2026-01-11 06:15:00,-113.1,10.0,34.7,131.6,3.69,117
CELL_0987,2026-01-11 06:30:00,-82.3,22.8,22.6,180.1,2.52,226
CELL_0988,2026-01-11 06:45:00,-106.1,1.9,24.0,99.8,2.63,72
CELL_0989,2026-01-11 07:00:00,-96.5,16.0,50.4,180.4,2.26,198
CELL_0990,2026-01-11 07:15:00,-80.0,28.4,49.5,188.5,0.33,244
CELL_0991,2026-01-11 07:30:00,-115.6,11.7,14.8,191.9,0.38,94
CELL_0992,2026-01-11 07:45:00,-106.2,20.9,32.3,175.6,2.6,21
CELL_0993,2026-01-11 08:00:00,-105.3,29.1,34.8,30.7,1.73,237
CELL_0994,2026-01-11 08:15:00,-83.1,0.6,15.4,9.3,4.01,276
CELL_0995,2026-01-11 08:30:00,-87.8,12.4,23.9,131.0,1.63,281
CELL_0996,2026-01-11 08:45:00,-77.9,13.4,21.7,30.7,3.95,97
CELL_0997,2026-01-11 09:00:00,-80.5,6.8,25.5,61.2,4.23,85
CELL_0998,2026-01-11 09:15:00,-102.3,13.7,14.1,185.2,3.56,156
CELL_0999,2026-01-11 09:30:00,-110.9,5.3,43.9,181.4,3.97,92
CELL_1000,2026-01-11 09:45:00,-108.1,1.2,22.4,29.7,1.3,104
